influx_path,level2_name,level3_name
,Output/Bubble_01/o_A_Total,bubblegenerator/out_bubgen_a_total_m2
,Output/Bubble_01/o_kLa,bubblegenerator/out_bubgen_kla_1s
,Output/Bubble_01/o_r_Bubble_01,bubblegenerator/out_bubgen_r_bubble_m
,Output/Mieszanie_01/i_Speed_SP,mixer/out_mixer_rpm_setpoint
,Output/Mieszanie_01/o_Speed_Fbk,mixer/out_mixer_model_angular_velocity_rads
,Output/Mieszanie_01/o_mix_Level,mixer/out_mixer_mixing_level
,Output/Mieszanie_01/o_usedEnergy,mixer/out_mixer_energy_consumption_w
,Output/Pompa_01/i_Speed_SP,peristalticpump/out_peristalticpump_speed_rpm
,Output/Pompa_01/o_Flow_Fbk,peristalticpump/out_peristalticpump_speed_rpm
,Output/Pompa_01/o_Speed_Fbk,peristalticpump/out_peristalticpump_speed_rpm
,Output/Pompa_02/i_Speed_SP,peristalticpump/out_peristalticpump_speed_rpm
,Output/Pompa_02/o_Flow_Fbk,peristalticpump/out_peristalticpump_speed_rpm
,Output/Pompa_02/o_Speed_Fbk,peristalticpump/out_peristalticpump_speed_rpm
,Output/SoftSensorpH_01/o_pH_mod,softsensorph/out_softsensorph_ph_est
,Output/TransportCiepla_01/i_T_PV,heatmodel/out_heatmodel_t_1001
,Output/TransportCiepla_01/i_T_SP,tcumodel/out_tcumodel_tinternal_1001
,Output/TransportCiepla_01/i_To,heatmodel/out_heatmodel_tj_1001
,Output/TransportCiepla_01/o_T_mod,heatmodelregressor/out_heatmodelregressor_y_1001
,Output/TransportCiepla_01/o_Tj_mod,tcumodel/out_tcumodel_tjacket_1001
,Output/TransportCiepla_01/o_k_est,heatmodelregressor/out_heatmodelregressor_k_1200
,Output/TransportCiepla_01/o_k_loss_est,heatmodelregressor/out_heatmodelregressor_kloss_1082
,Output/TransportO2_01/i_Qset,oxygentransport/out_oxygentransport_qset_dls
,Output/TransportO2_01/i_frac_CO2,oxygentransport/out_oxygentransport_co2pct_pct
,Output/TransportO2_01/i_frac_O2,oxygentransport/out_oxygentransport_dopct_pct
,Output/TransportO2_01/o_CO2_mod,oxygentransport/out_oxygentransport_co2_mgl
,Output/TransportO2_01/o_DO_mod,oxygentransport/out_oxygentransport_do_mgl
,Output/TransportO2_01/o_DO_mod_CO2,oxygentransport/out_oxygentransport_ph_dls
,Output/TransportO2_01/o_Flow_mod,oxygentransport/out_oxygentransport_qmodel_m3s
,Output/Zbiornik_01/o_medAir,tankgeometry/out_tankgeometry_airsurfacearea_1023
,Output/Zbiornik_01/o_medCoolant,tankgeometry/out_tankgeometry_coolantsurfacearea_1023
,Output/Zbiornik_01/o_medLevel,tankgeometry/out_tankgeometry_mediumlevel_1010
devices/0d2fa025-787e-406b-baf3-08e502346a8a/mtp/objects/Sensor5/VAHEn/VFbk/Actual,,
devices/0d2fa025-787e-406b-baf3-08e502346a8a/mtp/objects/Sensor5/VAHEn/VMan/Actual,,
devices/0d2fa025-787e-406b-baf3-08e502346a8a/mtp/objects/Sensor5/VAHEn/VOut/Actual,,
devices/0d2fa025-787e-406b-baf3-08e502346a8a/mtp/objects/Sensor5/VALEn/VFbk/Actual,,
devices/0d2fa025-787e-406b-baf3-08e502346a8a/mtp/objects/Sensor5/VALEn/VMan/Actual,,
devices/0d2fa025-787e-406b-baf3-08e502346a8a/mtp/objects/Sensor5/VALEn/VOut/Actual,,
devices/0d2fa025-787e-406b-baf3-08e502346a8a/mtp/objects/Sensor5/measurementFirstProbe/V/Actual,Output/TransportCiepla_01/i_T_PV,heatmodel/out_heatmodel_t_1001
devices/185f554f-b1db-4a60-a733-fe05d4f2a428/mtp/objects/CoolingStyle/faultCode/V/Actual,,
devices/185f554f-b1db-4a60-a733-fe05d4f2a428/mtp/objects/CoolingStyle/flow/V/Actual,Output/Zbiornik_01/o_medLevel,tankgeometry/out_tankgeometry_mediumlevel_1010
devices/185f554f-b1db-4a60-a733-fe05d4f2a428/mtp/objects/CoolingStyle/powerToggle/VFbk/Actual,,
devices/185f554f-b1db-4a60-a733-fe05d4f2a428/mtp/objects/CoolingStyle/powerToggle/VMan/Setpoint,,
devices/185f554f-b1db-4a60-a733-fe05d4f2a428/mtp/objects/CoolingStyle/powerToggle/VOut/Actual,,
devices/185f554f-b1db-4a60-a733-fe05d4f2a428/mtp/objects/CoolingStyle/temperature/VFbk/Actual,Output/TransportCiepla_01/i_T_SP,tcumodel/out_tcumodel_tinternal_1001
devices/185f554f-b1db-4a60-a733-fe05d4f2a428/mtp/objects/CoolingStyle/temperature/VMan/Setpoint,Output/TransportCiepla_01/i_T_SP,tcumodel/out_tcumodel_tinternal_1001
devices/185f554f-b1db-4a60-a733-fe05d4f2a428/mtp/objects/CoolingStyle/temperature/VOut/Actual,Output/TransportCiepla_01/i_T_SP,tcumodel/out_tcumodel_tinternal_1001
devices/23c5c821-2349-470f-8050-e9c028495916/mtp/objects/Sensor2/VAHEnFirstProbe/VFbk/Actual,,
devices/23c5c821-2349-470f-8050-e9c028495916/mtp/objects/Sensor2/VAHEnFirstProbe/VMan/Actual,,
devices/23c5c821-2349-470f-8050-e9c028495916/mtp/objects/Sensor2/VAHEnFirstProbe/VOut/Actual,,
devices/23c5c821-2349-470f-8050-e9c028495916/mtp/objects/Sensor2/VAHEnSecondProbe/VFbk/Actual,,
devices/23c5c821-2349-470f-8050-e9c028495916/mtp/objects/Sensor2/VAHEnSecondProbe/VMan/Actual,,
devices/23c5c821-2349-470f-8050-e9c028495916/mtp/objects/Sensor2/VAHEnSecondProbe/VOut/Actual,,
devices/23c5c821-2349-470f-8050-e9c028495916/mtp/objects/Sensor2/VAHEnThirdProbe/VFbk/Actual,,
devices/23c5c821-2349-470f-8050-e9c028495916/mtp/objects/Sensor2/VAHEnThirdProbe/VMan/Actual,,
devices/23c5c821-2349-470f-8050-e9c028495916/mtp/objects/Sensor2/VAHEnThirdProbe/VOut/Actual,,
devices/23c5c821-2349-470f-8050-e9c028495916/mtp/objects/Sensor2/VALEnFirstProbe/VFbk/Actual,,
devices/23c5c821-2349-470f-8050-e9c028495916/mtp/objects/Sensor2/VALEnFirstProbe/VMan/Actual,,
devices/23c5c821-2349-470f-8050-e9c028495916/mtp/objects/Sensor2/VALEnFirstProbe/VOut/Actual,,
devices/23c5c821-2349-470f-8050-e9c028495916/mtp/objects/Sensor2/VALEnSecondProbe/VFbk/Actual,,
devices/23c5c821-2349-470f-8050-e9c028495916/mtp/objects/Sensor2/VALEnSecondProbe/VMan/Actual,,
devices/23c5c821-2349-470f-8050-e9c028495916/mtp/objects/Sensor2/VALEnSecondProbe/VOut/Actual,,
devices/23c5c821-2349-470f-8050-e9c028495916/mtp/objects/Sensor2/VALEnThirdProbe/VFbk/Actual,,
devices/23c5c821-2349-470f-8050-e9c028495916/mtp/objects/Sensor2/VALEnThirdProbe/VMan/Actual,,
devices/23c5c821-2349-470f-8050-e9c028495916/mtp/objects/Sensor2/VALEnThirdProbe/VOut/Actual,,
devices/23c5c821-2349-470f-8050-e9c028495916/mtp/objects/Sensor2/measurementFirstProbe/V/Actual,Output/TransportO2_01/o_DO_mod,oxygentransport/out_oxygentransport_do_mgl
devices/23c5c821-2349-470f-8050-e9c028495916/mtp/objects/Sensor2/measurementSecondProbe/V/Actual,,
devices/23c5c821-2349-470f-8050-e9c028495916/mtp/objects/Sensor2/measurementThirdProbe/V/Actual,,
devices/23c5c821-2349-470f-8050-e9c028495916/mtp/objects/Sensor2/qualityIndicator/V/Actual,,
devices/2757a0c4-af81-4273-87fb-2b0d87c5da34/mtp/objects/Sensor1/VAHEnFirstProbe/VFbk/Actual,,
devices/2757a0c4-af81-4273-87fb-2b0d87c5da34/mtp/objects/Sensor1/VAHEnFirstProbe/VMan/Actual,,
devices/2757a0c4-af81-4273-87fb-2b0d87c5da34/mtp/objects/Sensor1/VAHEnFirstProbe/VOut/Actual,,
devices/2757a0c4-af81-4273-87fb-2b0d87c5da34/mtp/objects/Sensor1/VAHEnSecondProbe/VFbk/Actual,,
devices/2757a0c4-af81-4273-87fb-2b0d87c5da34/mtp/objects/Sensor1/VAHEnSecondProbe/VMan/Actual,,
devices/2757a0c4-af81-4273-87fb-2b0d87c5da34/mtp/objects/Sensor1/VAHEnSecondProbe/VOut/Actual,,
devices/2757a0c4-af81-4273-87fb-2b0d87c5da34/mtp/objects/Sensor1/VAHEnThirdProbe/VFbk/Actual,,
devices/2757a0c4-af81-4273-87fb-2b0d87c5da34/mtp/objects/Sensor1/VAHEnThirdProbe/VMan/Actual,,
devices/2757a0c4-af81-4273-87fb-2b0d87c5da34/mtp/objects/Sensor1/VAHEnThirdProbe/VOut/Actual,,
devices/2757a0c4-af81-4273-87fb-2b0d87c5da34/mtp/objects/Sensor1/VALEnFirstProbe/VFbk/Actual,,
devices/2757a0c4-af81-4273-87fb-2b0d87c5da34/mtp/objects/Sensor1/VALEnFirstProbe/VMan/Actual,,
devices/2757a0c4-af81-4273-87fb-2b0d87c5da34/mtp/objects/Sensor1/VALEnFirstProbe/VOut/Actual,,
devices/2757a0c4-af81-4273-87fb-2b0d87c5da34/mtp/objects/Sensor1/VALEnSecondProbe/VFbk/Actual,,
devices/2757a0c4-af81-4273-87fb-2b0d87c5da34/mtp/objects/Sensor1/VALEnSecondProbe/VMan/Actual,,
devices/2757a0c4-af81-4273-87fb-2b0d87c5da34/mtp/objects/Sensor1/VALEnSecondProbe/VOut/Actual,,
devices/2757a0c4-af81-4273-87fb-2b0d87c5da34/mtp/objects/Sensor1/VALEnThirdProbe/VFbk/Actual,,
devices/2757a0c4-af81-4273-87fb-2b0d87c5da34/mtp/objects/Sensor1/VALEnThirdProbe/VMan/Actual,,
devices/2757a0c4-af81-4273-87fb-2b0d87c5da34/mtp/objects/Sensor1/VALEnThirdProbe/VOut/Actual,,
devices/2757a0c4-af81-4273-87fb-2b0d87c5da34/mtp/objects/Sensor1/measurementFirstProbe/V/Actual,Output/SoftSensorpH_01/o_pH_mod,softsensorph/out_softsensorph_ph_est
devices/2757a0c4-af81-4273-87fb-2b0d87c5da34/mtp/objects/Sensor1/measurementSecondProbe/V/Actual,,
devices/2757a0c4-af81-4273-87fb-2b0d87c5da34/mtp/objects/Sensor1/measurementThirdProbe/V/Actual,,
devices/2757a0c4-af81-4273-87fb-2b0d87c5da34/mtp/objects/Sensor1/moduleIdentificationTrigger/VFbk/Actual,,
devices/2757a0c4-af81-4273-87fb-2b0d87c5da34/mtp/objects/Sensor1/moduleIdentificationTrigger/VMan/Actual,,
devices/2757a0c4-af81-4273-87fb-2b0d87c5da34/mtp/objects/Sensor1/moduleIdentificationTrigger/VOut/Actual,,
devices/2757a0c4-af81-4273-87fb-2b0d87c5da34/mtp/objects/Sensor1/qualityIndicator/V/Actual,,
devices/289ca36e-495e-445a-ae52-203a431051f5/mtp/objects/Sparger2/gasTemp/V/Actual,,
devices/289ca36e-495e-445a-ae52-203a431051f5/mtp/objects/Sparger2/interlockSwitch/VFbk/Actual,,
devices/289ca36e-495e-445a-ae52-203a431051f5/mtp/objects/Sparger2/interlockSwitch/VMan/Setpoint,,
devices/289ca36e-495e-445a-ae52-203a431051f5/mtp/objects/Sparger2/interlockSwitch/VOut/Actual,,
devices/289ca36e-495e-445a-ae52-203a431051f5/mtp/objects/Sparger2/moduleIdentificationTrigger/VFbk/Actual,,
devices/289ca36e-495e-445a-ae52-203a431051f5/mtp/objects/Sparger2/moduleIdentificationTrigger/VMan/Actual,,
devices/289ca36e-495e-445a-ae52-203a431051f5/mtp/objects/Sparger2/moduleIdentificationTrigger/VOut/Actual,,
devices/289ca36e-495e-445a-ae52-203a431051f5/mtp/objects/Sparger2/protectReset/VFbk/Actual,,
devices/289ca36e-495e-445a-ae52-203a431051f5/mtp/objects/Sparger2/protectReset/VMan/Actual,,
devices/289ca36e-495e-445a-ae52-203a431051f5/mtp/objects/Sparger2/protectReset/VOut/Actual,,
devices/289ca36e-495e-445a-ae52-203a431051f5/mtp/objects/Sparger2/resetTotalizer/VFbk/Actual,,
devices/289ca36e-495e-445a-ae52-203a431051f5/mtp/objects/Sparger2/resetTotalizer/VMan/Actual,,
devices/289ca36e-495e-445a-ae52-203a431051f5/mtp/objects/Sparger2/resetTotalizer/VOut/Actual,,
devices/289ca36e-495e-445a-ae52-203a431051f5/mtp/objects/Sparger2/safeposEnable/VFbk/Actual,,
devices/289ca36e-495e-445a-ae52-203a431051f5/mtp/objects/Sparger2/safeposEnable/VMan/Actual,,
devices/289ca36e-495e-445a-ae52-203a431051f5/mtp/objects/Sparger2/safeposEnable/VOut/Actual,,
devices/289ca36e-495e-445a-ae52-203a431051f5/mtp/objects/Sparger2/safeposSwitch/VFbk/Actual,,
devices/289ca36e-495e-445a-ae52-203a431051f5/mtp/objects/Sparger2/safeposSwitch/VMan/Actual,,
devices/289ca36e-495e-445a-ae52-203a431051f5/mtp/objects/Sparger2/safeposSwitch/VOut/Actual,,
devices/289ca36e-495e-445a-ae52-203a431051f5/mtp/objects/Sparger2/tare/VFbk/Actual,,
devices/289ca36e-495e-445a-ae52-203a431051f5/mtp/objects/Sparger2/tare/VMan/Actual,,
devices/289ca36e-495e-445a-ae52-203a431051f5/mtp/objects/Sparger2/tare/VOut/Actual,,
devices/289ca36e-495e-445a-ae52-203a431051f5/mtp/objects/Sparger2/totalizer/V/Actual,,
devices/289ca36e-495e-445a-ae52-203a431051f5/mtp/objects/Sparger2/userGasType/VFbk/Actual,,
devices/289ca36e-495e-445a-ae52-203a431051f5/mtp/objects/Sparger2/userGasType/VMan/Actual,,
devices/289ca36e-495e-445a-ae52-203a431051f5/mtp/objects/Sparger2/userGasType/VOut/Actual,,
devices/289ca36e-495e-445a-ae52-203a431051f5/mtp/objects/Sparger2/valveDrive/V/Actual,,
devices/616ad07e-52e7-4293-aba1-2848073e1c33/mtp/objects/Pump/coefficient/VFbk/Actual,,
devices/616ad07e-52e7-4293-aba1-2848073e1c33/mtp/objects/Pump/coefficient/VMan/Actual,,
devices/616ad07e-52e7-4293-aba1-2848073e1c33/mtp/objects/Pump/coefficient/VOut/Actual,,
devices/616ad07e-52e7-4293-aba1-2848073e1c33/mtp/objects/Pump/current/V/Actual,,
devices/616ad07e-52e7-4293-aba1-2848073e1c33/mtp/objects/Pump/flow/VFbk/Actual,Output/Pompa_01/o_Flow_Fbk,peristalticpump/out_peristalticpump_speed_rpm
devices/616ad07e-52e7-4293-aba1-2848073e1c33/mtp/objects/Pump/flow/VMan/Actual,,
devices/616ad07e-52e7-4293-aba1-2848073e1c33/mtp/objects/Pump/flow/VOut/Actual,Output/Pompa_01/i_Speed_SP,peristalticpump/out_peristalticpump_speed_rpm
devices/616ad07e-52e7-4293-aba1-2848073e1c33/mtp/objects/Pump/interlockSwitch/VFbk/Actual,,
devices/616ad07e-52e7-4293-aba1-2848073e1c33/mtp/objects/Pump/interlockSwitch/VMan/Setpoint,,
devices/616ad07e-52e7-4293-aba1-2848073e1c33/mtp/objects/Pump/interlockSwitch/VOut/Actual,,
devices/616ad07e-52e7-4293-aba1-2848073e1c33/mtp/objects/Pump/moduleIdentificationTrigger/VFbk/Actual,,
devices/616ad07e-52e7-4293-aba1-2848073e1c33/mtp/objects/Pump/moduleIdentificationTrigger/VMan/Actual,,
devices/616ad07e-52e7-4293-aba1-2848073e1c33/mtp/objects/Pump/moduleIdentificationTrigger/VOut/Actual,,
devices/616ad07e-52e7-4293-aba1-2848073e1c33/mtp/objects/Pump/protectReset/VFbk/Actual,,
devices/616ad07e-52e7-4293-aba1-2848073e1c33/mtp/objects/Pump/protectReset/VMan/Actual,,
devices/616ad07e-52e7-4293-aba1-2848073e1c33/mtp/objects/Pump/protectReset/VOut/Actual,,
devices/616ad07e-52e7-4293-aba1-2848073e1c33/mtp/objects/Pump/rpmHighEn/VFbk/Actual,,
devices/616ad07e-52e7-4293-aba1-2848073e1c33/mtp/objects/Pump/rpmHighEn/VMan/Actual,,
devices/616ad07e-52e7-4293-aba1-2848073e1c33/mtp/objects/Pump/rpmHighEn/VOut/Actual,,
devices/616ad07e-52e7-4293-aba1-2848073e1c33/mtp/objects/Pump/rpmLowEn/VFbk/Actual,,
devices/616ad07e-52e7-4293-aba1-2848073e1c33/mtp/objects/Pump/rpmLowEn/VMan/Actual,,
devices/616ad07e-52e7-4293-aba1-2848073e1c33/mtp/objects/Pump/rpmLowEn/VOut/Actual,,
devices/616ad07e-52e7-4293-aba1-2848073e1c33/mtp/objects/Pump/safePosSwitch/VFbk/Actual,,
devices/616ad07e-52e7-4293-aba1-2848073e1c33/mtp/objects/Pump/safePosSwitch/VMan/Actual,,
devices/616ad07e-52e7-4293-aba1-2848073e1c33/mtp/objects/Pump/safePosSwitch/VOut/Actual,,
devices/616ad07e-52e7-4293-aba1-2848073e1c33/mtp/objects/Pump/temperature/V/Actual,,
devices/616ad07e-52e7-4293-aba1-2848073e1c33/mtp/objects/Pump/totaliser/V/Actual,,
devices/616ad07e-52e7-4293-aba1-2848073e1c33/mtp/objects/Pump/totaliserReset/VFbk/Actual,,
devices/616ad07e-52e7-4293-aba1-2848073e1c33/mtp/objects/Pump/totaliserReset/VMan/Actual,,
devices/616ad07e-52e7-4293-aba1-2848073e1c33/mtp/objects/Pump/totaliserReset/VOut/Actual,,
devices/616ad07e-52e7-4293-aba1-2848073e1c33/mtp/objects/Pump/tubeDescription/VFbk/Actual,,
devices/616ad07e-52e7-4293-aba1-2848073e1c33/mtp/objects/Pump/tubeDescription/VMan/Actual,,
devices/616ad07e-52e7-4293-aba1-2848073e1c33/mtp/objects/Pump/tubeDescription/VOut/Actual,,
devices/ae8f16e0-b975-43df-9fd7-cba7530be7c9/mtp/objects/Pump/coefficient/VFbk/Actual,,
devices/ae8f16e0-b975-43df-9fd7-cba7530be7c9/mtp/objects/Pump/coefficient/VMan/Actual,,
devices/ae8f16e0-b975-43df-9fd7-cba7530be7c9/mtp/objects/Pump/coefficient/VOut/Actual,,
devices/ae8f16e0-b975-43df-9fd7-cba7530be7c9/mtp/objects/Pump/current/V/Actual,,
devices/ae8f16e0-b975-43df-9fd7-cba7530be7c9/mtp/objects/Pump/flow/VFbk/Actual,Output/Pompa_02/o_Flow_Fbk,peristalticpump/out_peristalticpump_speed_rpm
devices/ae8f16e0-b975-43df-9fd7-cba7530be7c9/mtp/objects/Pump/flow/VMan/Actual,,
devices/ae8f16e0-b975-43df-9fd7-cba7530be7c9/mtp/objects/Pump/flow/VOut/Actual,Output/Pompa_02/i_Speed_SP,peristalticpump/out_peristalticpump_speed_rpm
devices/ae8f16e0-b975-43df-9fd7-cba7530be7c9/mtp/objects/Pump/interlockSwitch/VFbk/Actual,,
devices/ae8f16e0-b975-43df-9fd7-cba7530be7c9/mtp/objects/Pump/interlockSwitch/VMan/Setpoint,,
devices/ae8f16e0-b975-43df-9fd7-cba7530be7c9/mtp/objects/Pump/interlockSwitch/VOut/Actual,,
devices/ae8f16e0-b975-43df-9fd7-cba7530be7c9/mtp/objects/Pump/moduleIdentificationTrigger/VFbk/Actual,,
devices/ae8f16e0-b975-43df-9fd7-cba7530be7c9/mtp/objects/Pump/moduleIdentificationTrigger/VMan/Actual,,
devices/ae8f16e0-b975-43df-9fd7-cba7530be7c9/mtp/objects/Pump/moduleIdentificationTrigger/VOut/Actual,,
devices/ae8f16e0-b975-43df-9fd7-cba7530be7c9/mtp/objects/Pump/protectReset/VFbk/Actual,,
devices/ae8f16e0-b975-43df-9fd7-cba7530be7c9/mtp/objects/Pump/protectReset/VMan/Actual,,
devices/ae8f16e0-b975-43df-9fd7-cba7530be7c9/mtp/objects/Pump/protectReset/VOut/Actual,,
devices/ae8f16e0-b975-43df-9fd7-cba7530be7c9/mtp/objects/Pump/rpmHighEn/VFbk/Actual,,
devices/ae8f16e0-b975-43df-9fd7-cba7530be7c9/mtp/objects/Pump/rpmHighEn/VMan/Actual,,
devices/ae8f16e0-b975-43df-9fd7-cba7530be7c9/mtp/objects/Pump/rpmHighEn/VOut/Actual,,
devices/ae8f16e0-b975-43df-9fd7-cba7530be7c9/mtp/objects/Pump/rpmLowEn/VFbk/Actual,,
devices/ae8f16e0-b975-43df-9fd7-cba7530be7c9/mtp/objects/Pump/rpmLowEn/VMan/Actual,,
devices/ae8f16e0-b975-43df-9fd7-cba7530be7c9/mtp/objects/Pump/rpmLowEn/VOut/Actual,,
devices/ae8f16e0-b975-43df-9fd7-cba7530be7c9/mtp/objects/Pump/safePosSwitch/VFbk/Actual,,
devices/ae8f16e0-b975-43df-9fd7-cba7530be7c9/mtp/objects/Pump/safePosSwitch/VMan/Actual,,
devices/ae8f16e0-b975-43df-9fd7-cba7530be7c9/mtp/objects/Pump/safePosSwitch/VOut/Actual,,
devices/ae8f16e0-b975-43df-9fd7-cba7530be7c9/mtp/objects/Pump/temperature/V/Actual,,
devices/ae8f16e0-b975-43df-9fd7-cba7530be7c9/mtp/objects/Pump/totaliser/V/Actual,,
devices/ae8f16e0-b975-43df-9fd7-cba7530be7c9/mtp/objects/Pump/totaliserReset/VFbk/Actual,,
devices/ae8f16e0-b975-43df-9fd7-cba7530be7c9/mtp/objects/Pump/totaliserReset/VMan/Actual,,
devices/ae8f16e0-b975-43df-9fd7-cba7530be7c9/mtp/objects/Pump/totaliserReset/VOut/Actual,,
devices/ae8f16e0-b975-43df-9fd7-cba7530be7c9/mtp/objects/Pump/tubeDescription/VFbk/Actual,,
devices/ae8f16e0-b975-43df-9fd7-cba7530be7c9/mtp/objects/Pump/tubeDescription/VMan/Actual,,
devices/ae8f16e0-b975-43df-9fd7-cba7530be7c9/mtp/objects/Pump/tubeDescription/VOut/Actual,,
devices/b1a6d61d-c7a3-4cff-a509-74823026733c/mtp/objects/Sensor5/VAHEn/VFbk/Actual,,
devices/b1a6d61d-c7a3-4cff-a509-74823026733c/mtp/objects/Sensor5/VAHEn/VMan/Actual,,
devices/b1a6d61d-c7a3-4cff-a509-74823026733c/mtp/objects/Sensor5/VAHEn/VOut/Actual,,
devices/b1a6d61d-c7a3-4cff-a509-74823026733c/mtp/objects/Sensor5/VALEn/VFbk/Actual,,
devices/b1a6d61d-c7a3-4cff-a509-74823026733c/mtp/objects/Sensor5/VALEn/VMan/Actual,,
devices/b1a6d61d-c7a3-4cff-a509-74823026733c/mtp/objects/Sensor5/VALEn/VOut/Actual,,
devices/b1a6d61d-c7a3-4cff-a509-74823026733c/mtp/objects/Sensor5/measurementFirstProbe/V/Actual,,
devices/b1a6d61d-c7a3-4cff-a509-74823026733c/mtp/objects/Sensor5/moduleIdentificationTrigger/VFbk/Actual,,
devices/b1a6d61d-c7a3-4cff-a509-74823026733c/mtp/objects/Sensor5/moduleIdentificationTrigger/VMan/Actual,,
devices/b1a6d61d-c7a3-4cff-a509-74823026733c/mtp/objects/Sensor5/moduleIdentificationTrigger/VOut/Actual,,
devices/c6444729-56d5-4510-a365-f7dabcb2069c/mtp/objects/Sensor6/VAHEnFirstProbe/VFbk/Actual,,
devices/c6444729-56d5-4510-a365-f7dabcb2069c/mtp/objects/Sensor6/VAHEnFirstProbe/VMan/Actual,,
devices/c6444729-56d5-4510-a365-f7dabcb2069c/mtp/objects/Sensor6/VAHEnFirstProbe/VOut/Actual,,
devices/c6444729-56d5-4510-a365-f7dabcb2069c/mtp/objects/Sensor6/VAHEnSecondProbe/VFbk/Actual,,
devices/c6444729-56d5-4510-a365-f7dabcb2069c/mtp/objects/Sensor6/VAHEnSecondProbe/VMan/Actual,,
devices/c6444729-56d5-4510-a365-f7dabcb2069c/mtp/objects/Sensor6/VAHEnSecondProbe/VOut/Actual,,
devices/c6444729-56d5-4510-a365-f7dabcb2069c/mtp/objects/Sensor6/VAHEnThirdProbe/VFbk/Actual,,
devices/c6444729-56d5-4510-a365-f7dabcb2069c/mtp/objects/Sensor6/VAHEnThirdProbe/VMan/Actual,,
devices/c6444729-56d5-4510-a365-f7dabcb2069c/mtp/objects/Sensor6/VAHEnThirdProbe/VOut/Actual,,
devices/c6444729-56d5-4510-a365-f7dabcb2069c/mtp/objects/Sensor6/VALEnFirstProbe/VFbk/Actual,,
devices/c6444729-56d5-4510-a365-f7dabcb2069c/mtp/objects/Sensor6/VALEnFirstProbe/VMan/Actual,,
devices/c6444729-56d5-4510-a365-f7dabcb2069c/mtp/objects/Sensor6/VALEnFirstProbe/VOut/Actual,,
devices/c6444729-56d5-4510-a365-f7dabcb2069c/mtp/objects/Sensor6/VALEnSecondProbe/VFbk/Actual,,
devices/c6444729-56d5-4510-a365-f7dabcb2069c/mtp/objects/Sensor6/VALEnSecondProbe/VMan/Actual,,
devices/c6444729-56d5-4510-a365-f7dabcb2069c/mtp/objects/Sensor6/VALEnSecondProbe/VOut/Actual,,
devices/c6444729-56d5-4510-a365-f7dabcb2069c/mtp/objects/Sensor6/VALEnThirdProbe/VFbk/Actual,,
devices/c6444729-56d5-4510-a365-f7dabcb2069c/mtp/objects/Sensor6/VALEnThirdProbe/VMan/Actual,,
devices/c6444729-56d5-4510-a365-f7dabcb2069c/mtp/objects/Sensor6/VALEnThirdProbe/VOut/Actual,,
devices/c6444729-56d5-4510-a365-f7dabcb2069c/mtp/objects/Sensor6/measurementFirstProbe/V/Actual,,
devices/c6444729-56d5-4510-a365-f7dabcb2069c/mtp/objects/Sensor6/measurementSecondProbe/V/Actual,,
devices/c6444729-56d5-4510-a365-f7dabcb2069c/mtp/objects/Sensor6/measurementThirdProbe/V/Actual,,
devices/c6444729-56d5-4510-a365-f7dabcb2069c/mtp/objects/Sensor6/moduleIdentificationTrigger/VFbk/Actual,,
devices/c6444729-56d5-4510-a365-f7dabcb2069c/mtp/objects/Sensor6/moduleIdentificationTrigger/VMan/Actual,,
devices/c6444729-56d5-4510-a365-f7dabcb2069c/mtp/objects/Sensor6/moduleIdentificationTrigger/VOut/Actual,,
devices/c6444729-56d5-4510-a365-f7dabcb2069c/mtp/objects/Sensor6/qualityIndicator/V/Actual,,
devices/d119c456-717a-4aa2-af0a-1d6d41f69d69/mtp/objects/Sensor4/VAHEnFirstProbe/VFbk/Actual,,
devices/d119c456-717a-4aa2-af0a-1d6d41f69d69/mtp/objects/Sensor4/VAHEnFirstProbe/VMan/Actual,,
devices/d119c456-717a-4aa2-af0a-1d6d41f69d69/mtp/objects/Sensor4/VAHEnFirstProbe/VOut/Actual,,
devices/d119c456-717a-4aa2-af0a-1d6d41f69d69/mtp/objects/Sensor4/VAHEnSecondProbe/VFbk/Actual,,
devices/d119c456-717a-4aa2-af0a-1d6d41f69d69/mtp/objects/Sensor4/VAHEnSecondProbe/VMan/Actual,,
devices/d119c456-717a-4aa2-af0a-1d6d41f69d69/mtp/objects/Sensor4/VAHEnSecondProbe/VOut/Actual,,
devices/d119c456-717a-4aa2-af0a-1d6d41f69d69/mtp/objects/Sensor4/VAHEnThirdProbe/VFbk/Actual,,
devices/d119c456-717a-4aa2-af0a-1d6d41f69d69/mtp/objects/Sensor4/VAHEnThirdProbe/VMan/Actual,,
devices/d119c456-717a-4aa2-af0a-1d6d41f69d69/mtp/objects/Sensor4/VAHEnThirdProbe/VOut/Actual,,
devices/d119c456-717a-4aa2-af0a-1d6d41f69d69/mtp/objects/Sensor4/VALEnFirstProbe/VFbk/Actual,,
devices/d119c456-717a-4aa2-af0a-1d6d41f69d69/mtp/objects/Sensor4/VALEnFirstProbe/VMan/Actual,,
devices/d119c456-717a-4aa2-af0a-1d6d41f69d69/mtp/objects/Sensor4/VALEnFirstProbe/VOut/Actual,,
devices/d119c456-717a-4aa2-af0a-1d6d41f69d69/mtp/objects/Sensor4/VALEnSecondProbe/VFbk/Actual,,
devices/d119c456-717a-4aa2-af0a-1d6d41f69d69/mtp/objects/Sensor4/VALEnSecondProbe/VMan/Actual,,
devices/d119c456-717a-4aa2-af0a-1d6d41f69d69/mtp/objects/Sensor4/VALEnSecondProbe/VOut/Actual,,
devices/d119c456-717a-4aa2-af0a-1d6d41f69d69/mtp/objects/Sensor4/VALEnThirdProbe/VFbk/Actual,,
devices/d119c456-717a-4aa2-af0a-1d6d41f69d69/mtp/objects/Sensor4/VALEnThirdProbe/VMan/Actual,,
devices/d119c456-717a-4aa2-af0a-1d6d41f69d69/mtp/objects/Sensor4/VALEnThirdProbe/VOut/Actual,,
devices/d119c456-717a-4aa2-af0a-1d6d41f69d69/mtp/objects/Sensor4/measurementFirstProbe/V/Actual,,
devices/d119c456-717a-4aa2-af0a-1d6d41f69d69/mtp/objects/Sensor4/measurementSecondProbe/V/Actual,,
devices/d119c456-717a-4aa2-af0a-1d6d41f69d69/mtp/objects/Sensor4/measurementThirdProbe/V/Actual,,
devices/d119c456-717a-4aa2-af0a-1d6d41f69d69/mtp/objects/Sensor4/moduleIdentificationTrigger/VFbk/Actual,,
devices/d119c456-717a-4aa2-af0a-1d6d41f69d69/mtp/objects/Sensor4/moduleIdentificationTrigger/VMan/Actual,,
devices/d119c456-717a-4aa2-af0a-1d6d41f69d69/mtp/objects/Sensor4/moduleIdentificationTrigger/VOut/Actual,,
devices/d119c456-717a-4aa2-af0a-1d6d41f69d69/mtp/objects/Sensor4/qualityIndicator/V/Actual,,
devices/d2304eda-30b4-41bc-a866-b39bdf7f4b90/mtp/objects/Agitator/rpmAHEN/VFbk/Actual,Output/Mieszanie_01/o_Speed_Fbk,mixer/out_mixer_model_angular_velocity_rads
devices/d2304eda-30b4-41bc-a866-b39bdf7f4b90/mtp/objects/Agitator/rpmAHEN/VMan/Actual,,
devices/d2304eda-30b4-41bc-a866-b39bdf7f4b90/mtp/objects/Agitator/rpmAHEN/VOut/Actual,Output/Mieszanie_01/i_Speed_SP,mixer/out_mixer_rpm_setpoint
devices/d2304eda-30b4-41bc-a866-b39bdf7f4b90/mtp/objects/Agitator/rpmALEN/VFbk/Actual,,
devices/d2304eda-30b4-41bc-a866-b39bdf7f4b90/mtp/objects/Agitator/rpmALEN/VMan/Actual,,
devices/d2304eda-30b4-41bc-a866-b39bdf7f4b90/mtp/objects/Agitator/rpmALEN/VOut/Actual,,
devices/d2304eda-30b4-41bc-a866-b39bdf7f4b90/mtp/objects/Agitator/temperature/V/Actual,Output/Mieszanie_01/o_usedEnergy,mixer/out_mixer_energy_consumption_w
devices/d2304eda-30b4-41bc-a866-b39bdf7f4b90/mtp/objects/Agitator/tmpAHEN/VFbk/Actual,,
devices/d2304eda-30b4-41bc-a866-b39bdf7f4b90/mtp/objects/Agitator/tmpAHEN/VMan/Actual,,
devices/d2304eda-30b4-41bc-a866-b39bdf7f4b90/mtp/objects/Agitator/tmpAHEN/VOut/Actual,,
devices/d2304eda-30b4-41bc-a866-b39bdf7f4b90/mtp/objects/Agitator/tmpALEN/VFbk/Actual,,
devices/d2304eda-30b4-41bc-a866-b39bdf7f4b90/mtp/objects/Agitator/tmpALEN/VMan/Actual,,
devices/d2304eda-30b4-41bc-a866-b39bdf7f4b90/mtp/objects/Agitator/tmpALEN/VOut/Actual,,
devices/d57496a7-d1fb-4ece-ba31-dcfeda8753bc/mtp/objects/Sensor2/VAHEnFirstProbe/VFbk/Actual,,
devices/d57496a7-d1fb-4ece-ba31-dcfeda8753bc/mtp/objects/Sensor2/VAHEnFirstProbe/VMan/Actual,,
devices/d57496a7-d1fb-4ece-ba31-dcfeda8753bc/mtp/objects/Sensor2/VAHEnFirstProbe/VOut/Actual,,
devices/d57496a7-d1fb-4ece-ba31-dcfeda8753bc/mtp/objects/Sensor2/VAHEnSecondProbe/VFbk/Actual,,
devices/d57496a7-d1fb-4ece-ba31-dcfeda8753bc/mtp/objects/Sensor2/VAHEnSecondProbe/VMan/Actual,,
devices/d57496a7-d1fb-4ece-ba31-dcfeda8753bc/mtp/objects/Sensor2/VAHEnSecondProbe/VOut/Actual,,
devices/d57496a7-d1fb-4ece-ba31-dcfeda8753bc/mtp/objects/Sensor2/VAHEnThirdProbe/VFbk/Actual,,
devices/d57496a7-d1fb-4ece-ba31-dcfeda8753bc/mtp/objects/Sensor2/VAHEnThirdProbe/VMan/Actual,,
devices/d57496a7-d1fb-4ece-ba31-dcfeda8753bc/mtp/objects/Sensor2/VAHEnThirdProbe/VOut/Actual,,
devices/d57496a7-d1fb-4ece-ba31-dcfeda8753bc/mtp/objects/Sensor2/VALEnFirstProbe/VFbk/Actual,,
devices/d57496a7-d1fb-4ece-ba31-dcfeda8753bc/mtp/objects/Sensor2/VALEnFirstProbe/VMan/Actual,,
devices/d57496a7-d1fb-4ece-ba31-dcfeda8753bc/mtp/objects/Sensor2/VALEnFirstProbe/VOut/Actual,,
devices/d57496a7-d1fb-4ece-ba31-dcfeda8753bc/mtp/objects/Sensor2/VALEnSecondProbe/VFbk/Actual,,
devices/d57496a7-d1fb-4ece-ba31-dcfeda8753bc/mtp/objects/Sensor2/VALEnSecondProbe/VMan/Actual,,
devices/d57496a7-d1fb-4ece-ba31-dcfeda8753bc/mtp/objects/Sensor2/VALEnSecondProbe/VOut/Actual,,
devices/d57496a7-d1fb-4ece-ba31-dcfeda8753bc/mtp/objects/Sensor2/VALEnThirdProbe/VFbk/Actual,,
devices/d57496a7-d1fb-4ece-ba31-dcfeda8753bc/mtp/objects/Sensor2/VALEnThirdProbe/VMan/Actual,,
devices/d57496a7-d1fb-4ece-ba31-dcfeda8753bc/mtp/objects/Sensor2/VALEnThirdProbe/VOut/Actual,,
devices/d57496a7-d1fb-4ece-ba31-dcfeda8753bc/mtp/objects/Sensor2/measurementFirstProbe/V/Actual,,
devices/d57496a7-d1fb-4ece-ba31-dcfeda8753bc/mtp/objects/Sensor2/measurementSecondProbe/V/Actual,,
devices/d57496a7-d1fb-4ece-ba31-dcfeda8753bc/mtp/objects/Sensor2/measurementThirdProbe/V/Actual,,
devices/d57496a7-d1fb-4ece-ba31-dcfeda8753bc/mtp/objects/Sensor2/moduleIdentificationTrigger/VFbk/Actual,,
devices/d57496a7-d1fb-4ece-ba31-dcfeda8753bc/mtp/objects/Sensor2/moduleIdentificationTrigger/VMan/Actual,,
devices/d57496a7-d1fb-4ece-ba31-dcfeda8753bc/mtp/objects/Sensor2/moduleIdentificationTrigger/VOut/Actual,,
devices/d57496a7-d1fb-4ece-ba31-dcfeda8753bc/mtp/objects/Sensor2/qualityIndicator/V/Actual,,
devices/e43ea21d-3c09-4a55-abad-d0ae3fa74e5a/mtp/objects/Sensor3/VAHEnFirstProbe/VFbk/Actual,,
devices/e43ea21d-3c09-4a55-abad-d0ae3fa74e5a/mtp/objects/Sensor3/VAHEnFirstProbe/VMan/Actual,,
devices/e43ea21d-3c09-4a55-abad-d0ae3fa74e5a/mtp/objects/Sensor3/VAHEnFirstProbe/VOut/Actual,,
devices/e43ea21d-3c09-4a55-abad-d0ae3fa74e5a/mtp/objects/Sensor3/VAHEnSecondProbe/VFbk/Actual,,
devices/e43ea21d-3c09-4a55-abad-d0ae3fa74e5a/mtp/objects/Sensor3/VAHEnSecondProbe/VMan/Actual,,
devices/e43ea21d-3c09-4a55-abad-d0ae3fa74e5a/mtp/objects/Sensor3/VAHEnSecondProbe/VOut/Actual,,
devices/e43ea21d-3c09-4a55-abad-d0ae3fa74e5a/mtp/objects/Sensor3/VAHEnThirdProbe/VFbk/Actual,,
devices/e43ea21d-3c09-4a55-abad-d0ae3fa74e5a/mtp/objects/Sensor3/VAHEnThirdProbe/VMan/Actual,,
devices/e43ea21d-3c09-4a55-abad-d0ae3fa74e5a/mtp/objects/Sensor3/VAHEnThirdProbe/VOut/Actual,,
devices/e43ea21d-3c09-4a55-abad-d0ae3fa74e5a/mtp/objects/Sensor3/VALEnFirstProbe/VFbk/Actual,,
devices/e43ea21d-3c09-4a55-abad-d0ae3fa74e5a/mtp/objects/Sensor3/VALEnFirstProbe/VMan/Actual,,
devices/e43ea21d-3c09-4a55-abad-d0ae3fa74e5a/mtp/objects/Sensor3/VALEnFirstProbe/VOut/Actual,,
devices/e43ea21d-3c09-4a55-abad-d0ae3fa74e5a/mtp/objects/Sensor3/VALEnSecondProbe/VFbk/Actual,,
devices/e43ea21d-3c09-4a55-abad-d0ae3fa74e5a/mtp/objects/Sensor3/VALEnSecondProbe/VMan/Actual,,
devices/e43ea21d-3c09-4a55-abad-d0ae3fa74e5a/mtp/objects/Sensor3/VALEnSecondProbe/VOut/Actual,,
devices/e43ea21d-3c09-4a55-abad-d0ae3fa74e5a/mtp/objects/Sensor3/VALEnThirdProbe/VFbk/Actual,,
devices/e43ea21d-3c09-4a55-abad-d0ae3fa74e5a/mtp/objects/Sensor3/VALEnThirdProbe/VMan/Actual,,
devices/e43ea21d-3c09-4a55-abad-d0ae3fa74e5a/mtp/objects/Sensor3/VALEnThirdProbe/VOut/Actual,,
devices/e43ea21d-3c09-4a55-abad-d0ae3fa74e5a/mtp/objects/Sensor3/measurementFirstProbe/V/Actual,Output/TransportCiepla_01/i_To,heatmodel/out_heatmodel_tj_1001
devices/e43ea21d-3c09-4a55-abad-d0ae3fa74e5a/mtp/objects/Sensor3/measurementSecondProbe/V/Actual,,
devices/e43ea21d-3c09-4a55-abad-d0ae3fa74e5a/mtp/objects/Sensor3/measurementThirdProbe/V/Actual,,
devices/e43ea21d-3c09-4a55-abad-d0ae3fa74e5a/mtp/objects/Sensor3/moduleIdentificationTrigger/VFbk/Actual,,
devices/e43ea21d-3c09-4a55-abad-d0ae3fa74e5a/mtp/objects/Sensor3/moduleIdentificationTrigger/VMan/Actual,,
devices/e43ea21d-3c09-4a55-abad-d0ae3fa74e5a/mtp/objects/Sensor3/moduleIdentificationTrigger/VOut/Actual,,
devices/e43ea21d-3c09-4a55-abad-d0ae3fa74e5a/mtp/objects/Sensor3/qualityIndicator/V/Actual,,
devices/f67a5705-092b-48a0-a6ee-e538aadf5c55/mtp/objects/Sparger1/gasTemp/V/Actual,Output/Bubble_01/o_r_Bubble_01,bubblegenerator/out_bubgen_r_bubble_m
devices/f67a5705-092b-48a0-a6ee-e538aadf5c55/mtp/objects/Sparger1/interlockSwitch/VFbk/Actual,,
devices/f67a5705-092b-48a0-a6ee-e538aadf5c55/mtp/objects/Sparger1/interlockSwitch/VMan/Setpoint,,
devices/f67a5705-092b-48a0-a6ee-e538aadf5c55/mtp/objects/Sparger1/interlockSwitch/VOut/Actual,,
devices/f67a5705-092b-48a0-a6ee-e538aadf5c55/mtp/objects/Sparger1/moduleIdentificationTrigger/VFbk/Actual,,
devices/f67a5705-092b-48a0-a6ee-e538aadf5c55/mtp/objects/Sparger1/moduleIdentificationTrigger/VMan/Actual,,
devices/f67a5705-092b-48a0-a6ee-e538aadf5c55/mtp/objects/Sparger1/moduleIdentificationTrigger/VOut/Actual,,
devices/f67a5705-092b-48a0-a6ee-e538aadf5c55/mtp/objects/Sparger1/protectReset/VFbk/Actual,,
devices/f67a5705-092b-48a0-a6ee-e538aadf5c55/mtp/objects/Sparger1/protectReset/VMan/Actual,,
devices/f67a5705-092b-48a0-a6ee-e538aadf5c55/mtp/objects/Sparger1/protectReset/VOut/Actual,,
devices/f67a5705-092b-48a0-a6ee-e538aadf5c55/mtp/objects/Sparger1/resetTotalizer/VFbk/Actual,,
devices/f67a5705-092b-48a0-a6ee-e538aadf5c55/mtp/objects/Sparger1/resetTotalizer/VMan/Actual,,
devices/f67a5705-092b-48a0-a6ee-e538aadf5c55/mtp/objects/Sparger1/resetTotalizer/VOut/Actual,,
devices/f67a5705-092b-48a0-a6ee-e538aadf5c55/mtp/objects/Sparger1/safeposEnable/VFbk/Actual,,
devices/f67a5705-092b-48a0-a6ee-e538aadf5c55/mtp/objects/Sparger1/safeposEnable/VMan/Actual,,
devices/f67a5705-092b-48a0-a6ee-e538aadf5c55/mtp/objects/Sparger1/safeposEnable/VOut/Actual,,
devices/f67a5705-092b-48a0-a6ee-e538aadf5c55/mtp/objects/Sparger1/safeposSwitch/VFbk/Actual,,
devices/f67a5705-092b-48a0-a6ee-e538aadf5c55/mtp/objects/Sparger1/safeposSwitch/VMan/Actual,,
devices/f67a5705-092b-48a0-a6ee-e538aadf5c55/mtp/objects/Sparger1/safeposSwitch/VOut/Actual,,
devices/f67a5705-092b-48a0-a6ee-e538aadf5c55/mtp/objects/Sparger1/tare/VFbk/Actual,,
devices/f67a5705-092b-48a0-a6ee-e538aadf5c55/mtp/objects/Sparger1/tare/VMan/Actual,,
devices/f67a5705-092b-48a0-a6ee-e538aadf5c55/mtp/objects/Sparger1/tare/VOut/Actual,,
devices/f67a5705-092b-48a0-a6ee-e538aadf5c55/mtp/objects/Sparger1/totalizer/V/Actual,,
devices/f67a5705-092b-48a0-a6ee-e538aadf5c55/mtp/objects/Sparger1/userGasType/VFbk/Actual,,
devices/f67a5705-092b-48a0-a6ee-e538aadf5c55/mtp/objects/Sparger1/userGasType/VMan/Actual,,
devices/f67a5705-092b-48a0-a6ee-e538aadf5c55/mtp/objects/Sparger1/userGasType/VOut/Actual,,
devices/f67a5705-092b-48a0-a6ee-e538aadf5c55/mtp/objects/Sparger1/valveDrive/V/Actual,,
