path_prefix,signal_type,signal_role,influx_path,tag_name_resolved,tag_description_resolved,level2_name,level3_name,functional_role,semantic_var,Opis (Znaczenie fizyczne),alarm_konfig_status,score_l2,score_l3
devices/0d2fa025-787e-406b-baf3-08e502346a8a/mtp/objects/Sensor5/VAHEn,VFbk,PV,devices/0d2fa025-787e-406b-baf3-08e502346a8a/mtp/objects/Sensor5/VAHEn/VFbk/Actual,VAHEn,PT100 Alarm High,,,,temperature_value,,TAK,0.0,0.0
devices/0d2fa025-787e-406b-baf3-08e502346a8a/mtp/objects/Sensor5/VAHEn,VMan,Manual,devices/0d2fa025-787e-406b-baf3-08e502346a8a/mtp/objects/Sensor5/VAHEn/VMan/Actual,VAHEn,PT100 Alarm High,,,,temperature_value,,TAK,0.0,0.0
devices/0d2fa025-787e-406b-baf3-08e502346a8a/mtp/objects/Sensor5/VAHEn,VOut,SP,devices/0d2fa025-787e-406b-baf3-08e502346a8a/mtp/objects/Sensor5/VAHEn/VOut/Actual,VAHEn,PT100 Alarm High,,,,temperature_value,,TAK,0.0,0.0
devices/0d2fa025-787e-406b-baf3-08e502346a8a/mtp/objects/Sensor5/VALEn,VFbk,PV,devices/0d2fa025-787e-406b-baf3-08e502346a8a/mtp/objects/Sensor5/VALEn/VFbk/Actual,VALEn,PT100 Alarm Low,,,,temperature_value,,TAK,0.0,0.0
devices/0d2fa025-787e-406b-baf3-08e502346a8a/mtp/objects/Sensor5/VALEn,VMan,Manual,devices/0d2fa025-787e-406b-baf3-08e502346a8a/mtp/objects/Sensor5/VALEn/VMan/Actual,VALEn,PT100 Alarm Low,,,,temperature_value,,TAK,0.0,0.0
devices/0d2fa025-787e-406b-baf3-08e502346a8a/mtp/objects/Sensor5/VALEn,VOut,SP,devices/0d2fa025-787e-406b-baf3-08e502346a8a/mtp/objects/Sensor5/VALEn/VOut/Actual,VALEn,PT100 Alarm Low,,,,temperature_value,,TAK,0.0,0.0
devices/0d2fa025-787e-406b-baf3-08e502346a8a/mtp/objects/Sensor5/measurementFirstProbe,V,Value,devices/0d2fa025-787e-406b-baf3-08e502346a8a/mtp/objects/Sensor5/measurementFirstProbe/V/Actual,measurementFirstProbe,PT100,Output/TransportCiepla_01/i_T_PV,heatmodel/out_heatmodel_t_1001,temperature,temperature_process,Temperatura procesu (wn?trze zbiornika).,NIE,1.0,1.0
devices/185f554f-b1db-4a60-a733-fe05d4f2a428/mtp/objects/CoolingStyle/faultCode,V,Value,devices/185f554f-b1db-4a60-a733-fe05d4f2a428/mtp/objects/CoolingStyle/faultCode/V/Actual,faultCode,Chiller Fault Code,,,,,,TAK,0.0,0.0
devices/185f554f-b1db-4a60-a733-fe05d4f2a428/mtp/objects/CoolingStyle/flow,V,Value,devices/185f554f-b1db-4a60-a733-fe05d4f2a428/mtp/objects/CoolingStyle/flow/V/Actual,flow,Chiller Flow,Output/Zbiornik_01/o_medLevel,tankgeometry/out_tankgeometry_mediumlevel_1010,,level_value,Poziom cieczy w zbiorniku.,NIE,1.0,1.0
devices/185f554f-b1db-4a60-a733-fe05d4f2a428/mtp/objects/CoolingStyle/powerToggle,VFbk,PV,devices/185f554f-b1db-4a60-a733-fe05d4f2a428/mtp/objects/CoolingStyle/powerToggle/VFbk/Actual,powerToggle,Chiller ON/OFF,,,,,,TAK,0.0,0.0
devices/185f554f-b1db-4a60-a733-fe05d4f2a428/mtp/objects/CoolingStyle/powerToggle,VMan,SP,devices/185f554f-b1db-4a60-a733-fe05d4f2a428/mtp/objects/CoolingStyle/powerToggle/VMan/Setpoint,powerToggle,Chiller ON/OFF,,,,,,TAK,0.0,0.0
devices/185f554f-b1db-4a60-a733-fe05d4f2a428/mtp/objects/CoolingStyle/powerToggle,VOut,SP,devices/185f554f-b1db-4a60-a733-fe05d4f2a428/mtp/objects/CoolingStyle/powerToggle/VOut/Actual,powerToggle,Chiller ON/OFF,,,,,,TAK,0.0,0.0
devices/185f554f-b1db-4a60-a733-fe05d4f2a428/mtp/objects/CoolingStyle/temperature,VFbk,PV,devices/185f554f-b1db-4a60-a733-fe05d4f2a428/mtp/objects/CoolingStyle/temperature/VFbk/Actual,temperature,Chiller temperature,Output/TransportCiepla_01/i_T_SP,tcumodel/out_tcumodel_tinternal_1001,temperature,temperature_setpoint,Warto?? zadana temperatury (Set Point).,NIE,1.0,1.0
devices/185f554f-b1db-4a60-a733-fe05d4f2a428/mtp/objects/CoolingStyle/temperature,VMan,SP,devices/185f554f-b1db-4a60-a733-fe05d4f2a428/mtp/objects/CoolingStyle/temperature/VMan/Setpoint,temperature,Chiller temperature,Output/TransportCiepla_01/i_T_SP,tcumodel/out_tcumodel_tinternal_1001,temperature,temperature_setpoint,Warto?? zadana temperatury (Set Point).,NIE,1.0,1.0
devices/185f554f-b1db-4a60-a733-fe05d4f2a428/mtp/objects/CoolingStyle/temperature,VOut,SP,devices/185f554f-b1db-4a60-a733-fe05d4f2a428/mtp/objects/CoolingStyle/temperature/VOut/Actual,temperature,Chiller temperature,Output/TransportCiepla_01/i_T_SP,tcumodel/out_tcumodel_tinternal_1001,temperature,temperature_setpoint,Warto?? zadana temperatury (Set Point).,NIE,1.0,1.0
devices/23c5c821-2349-470f-8050-e9c028495916/mtp/objects/Sensor2/VAHEnFirstProbe,VFbk,PV,devices/23c5c821-2349-470f-8050-e9c028495916/mtp/objects/Sensor2/VAHEnFirstProbe/VFbk/Actual,VAHEnFirstProbe,First probe alarm high,,,,,,TAK,0.0,0.0
devices/23c5c821-2349-470f-8050-e9c028495916/mtp/objects/Sensor2/VAHEnFirstProbe,VMan,Manual,devices/23c5c821-2349-470f-8050-e9c028495916/mtp/objects/Sensor2/VAHEnFirstProbe/VMan/Actual,VAHEnFirstProbe,First probe alarm high,,,,,,TAK,0.0,0.0
devices/23c5c821-2349-470f-8050-e9c028495916/mtp/objects/Sensor2/VAHEnFirstProbe,VOut,SP,devices/23c5c821-2349-470f-8050-e9c028495916/mtp/objects/Sensor2/VAHEnFirstProbe/VOut/Actual,VAHEnFirstProbe,First probe alarm high,,,,,,TAK,0.0,0.0
devices/23c5c821-2349-470f-8050-e9c028495916/mtp/objects/Sensor2/VAHEnSecondProbe,VFbk,PV,devices/23c5c821-2349-470f-8050-e9c028495916/mtp/objects/Sensor2/VAHEnSecondProbe/VFbk/Actual,VAHEnSecondProbe,Second probe alarm high,,,,,,TAK,0.0,0.0
devices/23c5c821-2349-470f-8050-e9c028495916/mtp/objects/Sensor2/VAHEnSecondProbe,VMan,Manual,devices/23c5c821-2349-470f-8050-e9c028495916/mtp/objects/Sensor2/VAHEnSecondProbe/VMan/Actual,VAHEnSecondProbe,Second probe alarm high,,,,,,TAK,0.0,0.0
devices/23c5c821-2349-470f-8050-e9c028495916/mtp/objects/Sensor2/VAHEnSecondProbe,VOut,SP,devices/23c5c821-2349-470f-8050-e9c028495916/mtp/objects/Sensor2/VAHEnSecondProbe/VOut/Actual,VAHEnSecondProbe,Second probe alarm high,,,,,,TAK,0.0,0.0
devices/23c5c821-2349-470f-8050-e9c028495916/mtp/objects/Sensor2/VAHEnThirdProbe,VFbk,PV,devices/23c5c821-2349-470f-8050-e9c028495916/mtp/objects/Sensor2/VAHEnThirdProbe/VFbk/Actual,VAHEnThirdProbe,Third probe alarm high,,,,,,TAK,0.0,0.0
devices/23c5c821-2349-470f-8050-e9c028495916/mtp/objects/Sensor2/VAHEnThirdProbe,VMan,Manual,devices/23c5c821-2349-470f-8050-e9c028495916/mtp/objects/Sensor2/VAHEnThirdProbe/VMan/Actual,VAHEnThirdProbe,Third probe alarm high,,,,,,TAK,0.0,0.0
devices/23c5c821-2349-470f-8050-e9c028495916/mtp/objects/Sensor2/VAHEnThirdProbe,VOut,SP,devices/23c5c821-2349-470f-8050-e9c028495916/mtp/objects/Sensor2/VAHEnThirdProbe/VOut/Actual,VAHEnThirdProbe,Third probe alarm high,,,,,,TAK,0.0,0.0
devices/23c5c821-2349-470f-8050-e9c028495916/mtp/objects/Sensor2/VALEnFirstProbe,VFbk,PV,devices/23c5c821-2349-470f-8050-e9c028495916/mtp/objects/Sensor2/VALEnFirstProbe/VFbk/Actual,VALEnFirstProbe,First probe alarm low,,,,,,TAK,0.0,0.0
devices/23c5c821-2349-470f-8050-e9c028495916/mtp/objects/Sensor2/VALEnFirstProbe,VMan,Manual,devices/23c5c821-2349-470f-8050-e9c028495916/mtp/objects/Sensor2/VALEnFirstProbe/VMan/Actual,VALEnFirstProbe,First probe alarm low,,,,,,TAK,0.0,0.0
devices/23c5c821-2349-470f-8050-e9c028495916/mtp/objects/Sensor2/VALEnFirstProbe,VOut,SP,devices/23c5c821-2349-470f-8050-e9c028495916/mtp/objects/Sensor2/VALEnFirstProbe/VOut/Actual,VALEnFirstProbe,First probe alarm low,,,,,,TAK,0.0,0.0
devices/23c5c821-2349-470f-8050-e9c028495916/mtp/objects/Sensor2/VALEnSecondProbe,VFbk,PV,devices/23c5c821-2349-470f-8050-e9c028495916/mtp/objects/Sensor2/VALEnSecondProbe/VFbk/Actual,VALEnSecondProbe,Second probe alarm low,,,,,,TAK,0.0,0.0
devices/23c5c821-2349-470f-8050-e9c028495916/mtp/objects/Sensor2/VALEnSecondProbe,VMan,Manual,devices/23c5c821-2349-470f-8050-e9c028495916/mtp/objects/Sensor2/VALEnSecondProbe/VMan/Actual,VALEnSecondProbe,Second probe alarm low,,,,,,TAK,0.0,0.0
devices/23c5c821-2349-470f-8050-e9c028495916/mtp/objects/Sensor2/VALEnSecondProbe,VOut,SP,devices/23c5c821-2349-470f-8050-e9c028495916/mtp/objects/Sensor2/VALEnSecondProbe/VOut/Actual,VALEnSecondProbe,Second probe alarm low,,,,,,TAK,0.0,0.0
devices/23c5c821-2349-470f-8050-e9c028495916/mtp/objects/Sensor2/VALEnThirdProbe,VFbk,PV,devices/23c5c821-2349-470f-8050-e9c028495916/mtp/objects/Sensor2/VALEnThirdProbe/VFbk/Actual,VALEnThirdProbe,Third probe alarm low,,,,,,TAK,0.0,0.0
devices/23c5c821-2349-470f-8050-e9c028495916/mtp/objects/Sensor2/VALEnThirdProbe,VMan,Manual,devices/23c5c821-2349-470f-8050-e9c028495916/mtp/objects/Sensor2/VALEnThirdProbe/VMan/Actual,VALEnThirdProbe,Third probe alarm low,,,,,,TAK,0.0,0.0
devices/23c5c821-2349-470f-8050-e9c028495916/mtp/objects/Sensor2/VALEnThirdProbe,VOut,SP,devices/23c5c821-2349-470f-8050-e9c028495916/mtp/objects/Sensor2/VALEnThirdProbe/VOut/Actual,VALEnThirdProbe,Third probe alarm low,,,,,,TAK,0.0,0.0
devices/23c5c821-2349-470f-8050-e9c028495916/mtp/objects/Sensor2/measurementFirstProbe,V,Value,devices/23c5c821-2349-470f-8050-e9c028495916/mtp/objects/Sensor2/measurementFirstProbe/V/Actual,measurementFirstProbe,Probe - not connected,Output/TransportO2_01/o_DO_mod,oxygentransport/out_oxygentransport_do_mgl,dissolved oxygen / kLa,do_value,Model tlenu rozpuszczonego (mg/L).,TAK,1.0,1.0
devices/23c5c821-2349-470f-8050-e9c028495916/mtp/objects/Sensor2/measurementSecondProbe,V,Value,devices/23c5c821-2349-470f-8050-e9c028495916/mtp/objects/Sensor2/measurementSecondProbe/V/Actual,measurementSecondProbe,Probe - not connected,,,,,,TAK,0.0,0.0
devices/23c5c821-2349-470f-8050-e9c028495916/mtp/objects/Sensor2/measurementThirdProbe,V,Value,devices/23c5c821-2349-470f-8050-e9c028495916/mtp/objects/Sensor2/measurementThirdProbe/V/Actual,measurementThirdProbe,Probe - not connected,,,,,,TAK,0.0,0.0
devices/23c5c821-2349-470f-8050-e9c028495916/mtp/objects/Sensor2/qualityIndicator,V,Value,devices/23c5c821-2349-470f-8050-e9c028495916/mtp/objects/Sensor2/qualityIndicator/V/Actual,qualityIndicator,Quality Indicator,,,,,,TAK,0.0,0.0
devices/2757a0c4-af81-4273-87fb-2b0d87c5da34/mtp/objects/Sensor1/VAHEnFirstProbe,VFbk,PV,devices/2757a0c4-af81-4273-87fb-2b0d87c5da34/mtp/objects/Sensor1/VAHEnFirstProbe/VFbk/Actual,VAHEnFirstProbe,First probe alarm high,,,,,,TAK,0.0,0.0
devices/2757a0c4-af81-4273-87fb-2b0d87c5da34/mtp/objects/Sensor1/VAHEnFirstProbe,VMan,Manual,devices/2757a0c4-af81-4273-87fb-2b0d87c5da34/mtp/objects/Sensor1/VAHEnFirstProbe/VMan/Actual,VAHEnFirstProbe,First probe alarm high,,,,,,TAK,0.0,0.0
devices/2757a0c4-af81-4273-87fb-2b0d87c5da34/mtp/objects/Sensor1/VAHEnFirstProbe,VOut,SP,devices/2757a0c4-af81-4273-87fb-2b0d87c5da34/mtp/objects/Sensor1/VAHEnFirstProbe/VOut/Actual,VAHEnFirstProbe,First probe alarm high,,,,,,TAK,0.0,0.0
devices/2757a0c4-af81-4273-87fb-2b0d87c5da34/mtp/objects/Sensor1/VAHEnSecondProbe,VFbk,PV,devices/2757a0c4-af81-4273-87fb-2b0d87c5da34/mtp/objects/Sensor1/VAHEnSecondProbe/VFbk/Actual,VAHEnSecondProbe,Second probe alarm high,,,,,,TAK,0.0,0.0
devices/2757a0c4-af81-4273-87fb-2b0d87c5da34/mtp/objects/Sensor1/VAHEnSecondProbe,VMan,Manual,devices/2757a0c4-af81-4273-87fb-2b0d87c5da34/mtp/objects/Sensor1/VAHEnSecondProbe/VMan/Actual,VAHEnSecondProbe,Second probe alarm high,,,,,,TAK,0.0,0.0
devices/2757a0c4-af81-4273-87fb-2b0d87c5da34/mtp/objects/Sensor1/VAHEnSecondProbe,VOut,SP,devices/2757a0c4-af81-4273-87fb-2b0d87c5da34/mtp/objects/Sensor1/VAHEnSecondProbe/VOut/Actual,VAHEnSecondProbe,Second probe alarm high,,,,,,TAK,0.0,0.0
devices/2757a0c4-af81-4273-87fb-2b0d87c5da34/mtp/objects/Sensor1/VAHEnThirdProbe,VFbk,PV,devices/2757a0c4-af81-4273-87fb-2b0d87c5da34/mtp/objects/Sensor1/VAHEnThirdProbe/VFbk/Actual,VAHEnThirdProbe,Third probe alarm high,,,,,,TAK,0.0,0.0
devices/2757a0c4-af81-4273-87fb-2b0d87c5da34/mtp/objects/Sensor1/VAHEnThirdProbe,VMan,Manual,devices/2757a0c4-af81-4273-87fb-2b0d87c5da34/mtp/objects/Sensor1/VAHEnThirdProbe/VMan/Actual,VAHEnThirdProbe,Third probe alarm high,,,,,,TAK,0.0,0.0
devices/2757a0c4-af81-4273-87fb-2b0d87c5da34/mtp/objects/Sensor1/VAHEnThirdProbe,VOut,SP,devices/2757a0c4-af81-4273-87fb-2b0d87c5da34/mtp/objects/Sensor1/VAHEnThirdProbe/VOut/Actual,VAHEnThirdProbe,Third probe alarm high,,,,,,TAK,0.0,0.0
devices/2757a0c4-af81-4273-87fb-2b0d87c5da34/mtp/objects/Sensor1/VALEnFirstProbe,VFbk,PV,devices/2757a0c4-af81-4273-87fb-2b0d87c5da34/mtp/objects/Sensor1/VALEnFirstProbe/VFbk/Actual,VALEnFirstProbe,First probe alarm low,,,,,,TAK,0.0,0.0
devices/2757a0c4-af81-4273-87fb-2b0d87c5da34/mtp/objects/Sensor1/VALEnFirstProbe,VMan,Manual,devices/2757a0c4-af81-4273-87fb-2b0d87c5da34/mtp/objects/Sensor1/VALEnFirstProbe/VMan/Actual,VALEnFirstProbe,First probe alarm low,,,,,,TAK,0.0,0.0
devices/2757a0c4-af81-4273-87fb-2b0d87c5da34/mtp/objects/Sensor1/VALEnFirstProbe,VOut,SP,devices/2757a0c4-af81-4273-87fb-2b0d87c5da34/mtp/objects/Sensor1/VALEnFirstProbe/VOut/Actual,VALEnFirstProbe,First probe alarm low,,,,,,TAK,0.0,0.0
devices/2757a0c4-af81-4273-87fb-2b0d87c5da34/mtp/objects/Sensor1/VALEnSecondProbe,VFbk,PV,devices/2757a0c4-af81-4273-87fb-2b0d87c5da34/mtp/objects/Sensor1/VALEnSecondProbe/VFbk/Actual,VALEnSecondProbe,Second probe alarm low,,,,,,TAK,0.0,0.0
devices/2757a0c4-af81-4273-87fb-2b0d87c5da34/mtp/objects/Sensor1/VALEnSecondProbe,VMan,Manual,devices/2757a0c4-af81-4273-87fb-2b0d87c5da34/mtp/objects/Sensor1/VALEnSecondProbe/VMan/Actual,VALEnSecondProbe,Second probe alarm low,,,,,,TAK,0.0,0.0
devices/2757a0c4-af81-4273-87fb-2b0d87c5da34/mtp/objects/Sensor1/VALEnSecondProbe,VOut,SP,devices/2757a0c4-af81-4273-87fb-2b0d87c5da34/mtp/objects/Sensor1/VALEnSecondProbe/VOut/Actual,VALEnSecondProbe,Second probe alarm low,,,,,,TAK,0.0,0.0
devices/2757a0c4-af81-4273-87fb-2b0d87c5da34/mtp/objects/Sensor1/VALEnThirdProbe,VFbk,PV,devices/2757a0c4-af81-4273-87fb-2b0d87c5da34/mtp/objects/Sensor1/VALEnThirdProbe/VFbk/Actual,VALEnThirdProbe,Third probe alarm low,,,,,,TAK,0.0,0.0
devices/2757a0c4-af81-4273-87fb-2b0d87c5da34/mtp/objects/Sensor1/VALEnThirdProbe,VMan,Manual,devices/2757a0c4-af81-4273-87fb-2b0d87c5da34/mtp/objects/Sensor1/VALEnThirdProbe/VMan/Actual,VALEnThirdProbe,Third probe alarm low,,,,,,TAK,0.0,0.0
devices/2757a0c4-af81-4273-87fb-2b0d87c5da34/mtp/objects/Sensor1/VALEnThirdProbe,VOut,SP,devices/2757a0c4-af81-4273-87fb-2b0d87c5da34/mtp/objects/Sensor1/VALEnThirdProbe/VOut/Actual,VALEnThirdProbe,Third probe alarm low,,,,,,TAK,0.0,0.0
devices/2757a0c4-af81-4273-87fb-2b0d87c5da34/mtp/objects/Sensor1/measurementFirstProbe,V,Value,devices/2757a0c4-af81-4273-87fb-2b0d87c5da34/mtp/objects/Sensor1/measurementFirstProbe/V/Actual,measurementFirstProbe,Probe - not connected,Output/SoftSensorpH_01/o_pH_mod,softsensorph/out_softsensorph_ph_est,pH,ph_value,G?ówna estymacja pH w nowym silniku.,TAK,1.0,1.0
devices/2757a0c4-af81-4273-87fb-2b0d87c5da34/mtp/objects/Sensor1/measurementSecondProbe,V,Value,devices/2757a0c4-af81-4273-87fb-2b0d87c5da34/mtp/objects/Sensor1/measurementSecondProbe/V/Actual,measurementSecondProbe,Probe - not connected,,,,,,TAK,0.0,0.0
devices/2757a0c4-af81-4273-87fb-2b0d87c5da34/mtp/objects/Sensor1/measurementThirdProbe,V,Value,devices/2757a0c4-af81-4273-87fb-2b0d87c5da34/mtp/objects/Sensor1/measurementThirdProbe/V/Actual,measurementThirdProbe,Probe - not connected,,,,,,TAK,0.0,0.0
devices/2757a0c4-af81-4273-87fb-2b0d87c5da34/mtp/objects/Sensor1/moduleIdentificationTrigger,VFbk,PV,devices/2757a0c4-af81-4273-87fb-2b0d87c5da34/mtp/objects/Sensor1/moduleIdentificationTrigger/VFbk/Actual,moduleIdentificationTrigger,Module Identification Trigger,,,,,,TAK,0.0,0.0
devices/2757a0c4-af81-4273-87fb-2b0d87c5da34/mtp/objects/Sensor1/moduleIdentificationTrigger,VMan,Manual,devices/2757a0c4-af81-4273-87fb-2b0d87c5da34/mtp/objects/Sensor1/moduleIdentificationTrigger/VMan/Actual,moduleIdentificationTrigger,Module Identification Trigger,,,,,,TAK,0.0,0.0
devices/2757a0c4-af81-4273-87fb-2b0d87c5da34/mtp/objects/Sensor1/moduleIdentificationTrigger,VOut,SP,devices/2757a0c4-af81-4273-87fb-2b0d87c5da34/mtp/objects/Sensor1/moduleIdentificationTrigger/VOut/Actual,moduleIdentificationTrigger,Module Identification Trigger,,,,,,TAK,0.0,0.0
devices/2757a0c4-af81-4273-87fb-2b0d87c5da34/mtp/objects/Sensor1/qualityIndicator,V,Value,devices/2757a0c4-af81-4273-87fb-2b0d87c5da34/mtp/objects/Sensor1/qualityIndicator/V/Actual,qualityIndicator,Quality Indicator,,,,,,TAK,0.0,0.0
devices/289ca36e-495e-445a-ae52-203a431051f5/mtp/objects/Sparger2/gasTemp,V,Value,devices/289ca36e-495e-445a-ae52-203a431051f5/mtp/objects/Sparger2/gasTemp/V/Actual,gasTemp,Gas temperature,,,,gas_temperature,,NIE,0.0,0.0
devices/289ca36e-495e-445a-ae52-203a431051f5/mtp/objects/Sparger2/interlockSwitch,VFbk,PV,devices/289ca36e-495e-445a-ae52-203a431051f5/mtp/objects/Sparger2/interlockSwitch/VFbk/Actual,interlockSwitch,Interlock switch,,,,,,TAK,0.0,0.0
devices/289ca36e-495e-445a-ae52-203a431051f5/mtp/objects/Sparger2/interlockSwitch,VMan,SP,devices/289ca36e-495e-445a-ae52-203a431051f5/mtp/objects/Sparger2/interlockSwitch/VMan/Setpoint,interlockSwitch,Interlock switch,,,,,,TAK,0.0,0.0
devices/289ca36e-495e-445a-ae52-203a431051f5/mtp/objects/Sparger2/interlockSwitch,VOut,SP,devices/289ca36e-495e-445a-ae52-203a431051f5/mtp/objects/Sparger2/interlockSwitch/VOut/Actual,interlockSwitch,Interlock switch,,,,,,TAK,0.0,0.0
devices/289ca36e-495e-445a-ae52-203a431051f5/mtp/objects/Sparger2/moduleIdentificationTrigger,VFbk,PV,devices/289ca36e-495e-445a-ae52-203a431051f5/mtp/objects/Sparger2/moduleIdentificationTrigger/VFbk/Actual,moduleIdentificationTrigger,Module Identification Trigger,,,,,,TAK,0.0,0.0
devices/289ca36e-495e-445a-ae52-203a431051f5/mtp/objects/Sparger2/moduleIdentificationTrigger,VMan,Manual,devices/289ca36e-495e-445a-ae52-203a431051f5/mtp/objects/Sparger2/moduleIdentificationTrigger/VMan/Actual,moduleIdentificationTrigger,Module Identification Trigger,,,,,,TAK,0.0,0.0
devices/289ca36e-495e-445a-ae52-203a431051f5/mtp/objects/Sparger2/moduleIdentificationTrigger,VOut,SP,devices/289ca36e-495e-445a-ae52-203a431051f5/mtp/objects/Sparger2/moduleIdentificationTrigger/VOut/Actual,moduleIdentificationTrigger,Module Identification Trigger,,,,,,TAK,0.0,0.0
devices/289ca36e-495e-445a-ae52-203a431051f5/mtp/objects/Sparger2/protectReset,VFbk,PV,devices/289ca36e-495e-445a-ae52-203a431051f5/mtp/objects/Sparger2/protectReset/VFbk/Actual,protectReset,Protect reset,,,,,,TAK,0.0,0.0
devices/289ca36e-495e-445a-ae52-203a431051f5/mtp/objects/Sparger2/protectReset,VMan,Manual,devices/289ca36e-495e-445a-ae52-203a431051f5/mtp/objects/Sparger2/protectReset/VMan/Actual,protectReset,Protect reset,,,,,,TAK,0.0,0.0
devices/289ca36e-495e-445a-ae52-203a431051f5/mtp/objects/Sparger2/protectReset,VOut,SP,devices/289ca36e-495e-445a-ae52-203a431051f5/mtp/objects/Sparger2/protectReset/VOut/Actual,protectReset,Protect reset,,,,,,TAK,0.0,0.0
devices/289ca36e-495e-445a-ae52-203a431051f5/mtp/objects/Sparger2/resetTotalizer,VFbk,PV,devices/289ca36e-495e-445a-ae52-203a431051f5/mtp/objects/Sparger2/resetTotalizer/VFbk/Actual,resetTotalizer,Reset totalizer,,,,,,TAK,0.0,0.0
devices/289ca36e-495e-445a-ae52-203a431051f5/mtp/objects/Sparger2/resetTotalizer,VMan,Manual,devices/289ca36e-495e-445a-ae52-203a431051f5/mtp/objects/Sparger2/resetTotalizer/VMan/Actual,resetTotalizer,Reset totalizer,,,,,,TAK,0.0,0.0
devices/289ca36e-495e-445a-ae52-203a431051f5/mtp/objects/Sparger2/resetTotalizer,VOut,SP,devices/289ca36e-495e-445a-ae52-203a431051f5/mtp/objects/Sparger2/resetTotalizer/VOut/Actual,resetTotalizer,Reset totalizer,,,,,,TAK,0.0,0.0
devices/289ca36e-495e-445a-ae52-203a431051f5/mtp/objects/Sparger2/safeposEnable,VFbk,PV,devices/289ca36e-495e-445a-ae52-203a431051f5/mtp/objects/Sparger2/safeposEnable/VFbk/Actual,safeposEnable,Safe position enable,,,,,,TAK,0.0,0.0
devices/289ca36e-495e-445a-ae52-203a431051f5/mtp/objects/Sparger2/safeposEnable,VMan,Manual,devices/289ca36e-495e-445a-ae52-203a431051f5/mtp/objects/Sparger2/safeposEnable/VMan/Actual,safeposEnable,Safe position enable,,,,,,TAK,0.0,0.0
devices/289ca36e-495e-445a-ae52-203a431051f5/mtp/objects/Sparger2/safeposEnable,VOut,SP,devices/289ca36e-495e-445a-ae52-203a431051f5/mtp/objects/Sparger2/safeposEnable/VOut/Actual,safeposEnable,Safe position enable,,,,,,TAK,0.0,0.0
devices/289ca36e-495e-445a-ae52-203a431051f5/mtp/objects/Sparger2/safeposSwitch,VFbk,PV,devices/289ca36e-495e-445a-ae52-203a431051f5/mtp/objects/Sparger2/safeposSwitch/VFbk/Actual,safeposSwitch,Safe position switch,,,,,,TAK,0.0,0.0
devices/289ca36e-495e-445a-ae52-203a431051f5/mtp/objects/Sparger2/safeposSwitch,VMan,Manual,devices/289ca36e-495e-445a-ae52-203a431051f5/mtp/objects/Sparger2/safeposSwitch/VMan/Actual,safeposSwitch,Safe position switch,,,,,,TAK,0.0,0.0
devices/289ca36e-495e-445a-ae52-203a431051f5/mtp/objects/Sparger2/safeposSwitch,VOut,SP,devices/289ca36e-495e-445a-ae52-203a431051f5/mtp/objects/Sparger2/safeposSwitch/VOut/Actual,safeposSwitch,Safe position switch,,,,,,TAK,0.0,0.0
devices/289ca36e-495e-445a-ae52-203a431051f5/mtp/objects/Sparger2/tare,VFbk,PV,devices/289ca36e-495e-445a-ae52-203a431051f5/mtp/objects/Sparger2/tare/VFbk/Actual,tare,Tare,,,,,,NIE,0.0,0.0
devices/289ca36e-495e-445a-ae52-203a431051f5/mtp/objects/Sparger2/tare,VMan,Manual,devices/289ca36e-495e-445a-ae52-203a431051f5/mtp/objects/Sparger2/tare/VMan/Actual,tare,Tare,,,,,,NIE,0.0,0.0
devices/289ca36e-495e-445a-ae52-203a431051f5/mtp/objects/Sparger2/tare,VOut,SP,devices/289ca36e-495e-445a-ae52-203a431051f5/mtp/objects/Sparger2/tare/VOut/Actual,tare,Tare,,,,,,NIE,0.0,0.0
devices/289ca36e-495e-445a-ae52-203a431051f5/mtp/objects/Sparger2/totalizer,V,Value,devices/289ca36e-495e-445a-ae52-203a431051f5/mtp/objects/Sparger2/totalizer/V/Actual,totalizer,Totalized flow value,,,,totalized_flow,,NIE,0.0,0.0
devices/289ca36e-495e-445a-ae52-203a431051f5/mtp/objects/Sparger2/userGasType,VFbk,PV,devices/289ca36e-495e-445a-ae52-203a431051f5/mtp/objects/Sparger2/userGasType/VFbk/Actual,userGasType,Change new gas type,,,,,,NIE,0.0,0.0
devices/289ca36e-495e-445a-ae52-203a431051f5/mtp/objects/Sparger2/userGasType,VMan,Manual,devices/289ca36e-495e-445a-ae52-203a431051f5/mtp/objects/Sparger2/userGasType/VMan/Actual,userGasType,Change new gas type,,,,,,NIE,0.0,0.0
devices/289ca36e-495e-445a-ae52-203a431051f5/mtp/objects/Sparger2/userGasType,VOut,SP,devices/289ca36e-495e-445a-ae52-203a431051f5/mtp/objects/Sparger2/userGasType/VOut/Actual,userGasType,Change new gas type,,,,,,NIE,0.0,0.0
devices/289ca36e-495e-445a-ae52-203a431051f5/mtp/objects/Sparger2/valveDrive,V,Value,devices/289ca36e-495e-445a-ae52-203a431051f5/mtp/objects/Sparger2/valveDrive/V/Actual,valveDrive,Valve opening %,,,,valve_opening,,NIE,0.0,0.0
devices/616ad07e-52e7-4293-aba1-2848073e1c33/mtp/objects/Pump/coefficient,VFbk,PV,devices/616ad07e-52e7-4293-aba1-2848073e1c33/mtp/objects/Pump/coefficient/VFbk/Actual,coefficient,Flow Coefficient,,,,flow_value,,TAK,0.0,0.0
devices/616ad07e-52e7-4293-aba1-2848073e1c33/mtp/objects/Pump/coefficient,VMan,Manual,devices/616ad07e-52e7-4293-aba1-2848073e1c33/mtp/objects/Pump/coefficient/VMan/Actual,coefficient,Flow Coefficient,,,,flow_value,,TAK,0.0,0.0
devices/616ad07e-52e7-4293-aba1-2848073e1c33/mtp/objects/Pump/coefficient,VOut,SP,devices/616ad07e-52e7-4293-aba1-2848073e1c33/mtp/objects/Pump/coefficient/VOut/Actual,coefficient,Flow Coefficient,,,,flow_value,,TAK,0.0,0.0
devices/616ad07e-52e7-4293-aba1-2848073e1c33/mtp/objects/Pump/current,V,Value,devices/616ad07e-52e7-4293-aba1-2848073e1c33/mtp/objects/Pump/current/V/Actual,current,Current Sensor,,,,,,NIE,0.0,0.0
devices/616ad07e-52e7-4293-aba1-2848073e1c33/mtp/objects/Pump/flow,VFbk,PV,devices/616ad07e-52e7-4293-aba1-2848073e1c33/mtp/objects/Pump/flow/VFbk/Actual,flow,Flow Rate (mL/min),Output/Pompa_01/o_Flow_Fbk,peristalticpump/out_peristalticpump_speed_rpm,flow,flow_value,Pr?dko?? pompy 1 wyliczona z przep?ywu.,NIE,1.0,1.0
devices/616ad07e-52e7-4293-aba1-2848073e1c33/mtp/objects/Pump/flow,VMan,Manual,devices/616ad07e-52e7-4293-aba1-2848073e1c33/mtp/objects/Pump/flow/VMan/Actual,flow,Flow Rate (mL/min),,,,flow_value,,NIE,0.0,0.0
devices/616ad07e-52e7-4293-aba1-2848073e1c33/mtp/objects/Pump/flow,VOut,SP,devices/616ad07e-52e7-4293-aba1-2848073e1c33/mtp/objects/Pump/flow/VOut/Actual,flow,Flow Rate (mL/min),Output/Pompa_01/i_Speed_SP,peristalticpump/out_peristalticpump_speed_rpm,speed / RPM,speed_setpoint,Warto?? zadana pr?dko?ci pompy 1.,NIE,1.0,1.0
devices/616ad07e-52e7-4293-aba1-2848073e1c33/mtp/objects/Pump/interlockSwitch,VFbk,PV,devices/616ad07e-52e7-4293-aba1-2848073e1c33/mtp/objects/Pump/interlockSwitch/VFbk/Actual,interlockSwitch,Interlock Switch,,,,,,TAK,0.0,0.0
devices/616ad07e-52e7-4293-aba1-2848073e1c33/mtp/objects/Pump/interlockSwitch,VMan,SP,devices/616ad07e-52e7-4293-aba1-2848073e1c33/mtp/objects/Pump/interlockSwitch/VMan/Setpoint,interlockSwitch,Interlock Switch,,,,,,TAK,0.0,0.0
devices/616ad07e-52e7-4293-aba1-2848073e1c33/mtp/objects/Pump/interlockSwitch,VOut,SP,devices/616ad07e-52e7-4293-aba1-2848073e1c33/mtp/objects/Pump/interlockSwitch/VOut/Actual,interlockSwitch,Interlock Switch,,,,,,TAK,0.0,0.0
devices/616ad07e-52e7-4293-aba1-2848073e1c33/mtp/objects/Pump/moduleIdentificationTrigger,VFbk,PV,devices/616ad07e-52e7-4293-aba1-2848073e1c33/mtp/objects/Pump/moduleIdentificationTrigger/VFbk/Actual,moduleIdentificationTrigger,Module Identification Trigger,,,,,,TAK,0.0,0.0
devices/616ad07e-52e7-4293-aba1-2848073e1c33/mtp/objects/Pump/moduleIdentificationTrigger,VMan,Manual,devices/616ad07e-52e7-4293-aba1-2848073e1c33/mtp/objects/Pump/moduleIdentificationTrigger/VMan/Actual,moduleIdentificationTrigger,Module Identification Trigger,,,,,,TAK,0.0,0.0
devices/616ad07e-52e7-4293-aba1-2848073e1c33/mtp/objects/Pump/moduleIdentificationTrigger,VOut,SP,devices/616ad07e-52e7-4293-aba1-2848073e1c33/mtp/objects/Pump/moduleIdentificationTrigger/VOut/Actual,moduleIdentificationTrigger,Module Identification Trigger,,,,,,TAK,0.0,0.0
devices/616ad07e-52e7-4293-aba1-2848073e1c33/mtp/objects/Pump/protectReset,VFbk,PV,devices/616ad07e-52e7-4293-aba1-2848073e1c33/mtp/objects/Pump/protectReset/VFbk/Actual,protectReset,Protection Reset,,,,,,TAK,0.0,0.0
devices/616ad07e-52e7-4293-aba1-2848073e1c33/mtp/objects/Pump/protectReset,VMan,Manual,devices/616ad07e-52e7-4293-aba1-2848073e1c33/mtp/objects/Pump/protectReset/VMan/Actual,protectReset,Protection Reset,,,,,,TAK,0.0,0.0
devices/616ad07e-52e7-4293-aba1-2848073e1c33/mtp/objects/Pump/protectReset,VOut,SP,devices/616ad07e-52e7-4293-aba1-2848073e1c33/mtp/objects/Pump/protectReset/VOut/Actual,protectReset,Protection Reset,,,,,,TAK,0.0,0.0
devices/616ad07e-52e7-4293-aba1-2848073e1c33/mtp/objects/Pump/rpmHighEn,VFbk,PV,devices/616ad07e-52e7-4293-aba1-2848073e1c33/mtp/objects/Pump/rpmHighEn/VFbk/Actual,rpmHighEn,Pump RPM Alarm High,,,,,,TAK,0.0,0.0
devices/616ad07e-52e7-4293-aba1-2848073e1c33/mtp/objects/Pump/rpmHighEn,VMan,Manual,devices/616ad07e-52e7-4293-aba1-2848073e1c33/mtp/objects/Pump/rpmHighEn/VMan/Actual,rpmHighEn,Pump RPM Alarm High,,,,,,TAK,0.0,0.0
devices/616ad07e-52e7-4293-aba1-2848073e1c33/mtp/objects/Pump/rpmHighEn,VOut,SP,devices/616ad07e-52e7-4293-aba1-2848073e1c33/mtp/objects/Pump/rpmHighEn/VOut/Actual,rpmHighEn,Pump RPM Alarm High,,,,,,TAK,0.0,0.0
devices/616ad07e-52e7-4293-aba1-2848073e1c33/mtp/objects/Pump/rpmLowEn,VFbk,PV,devices/616ad07e-52e7-4293-aba1-2848073e1c33/mtp/objects/Pump/rpmLowEn/VFbk/Actual,rpmLowEn,Pump RPM Alarm Low,,,,,,TAK,0.0,0.0
devices/616ad07e-52e7-4293-aba1-2848073e1c33/mtp/objects/Pump/rpmLowEn,VMan,Manual,devices/616ad07e-52e7-4293-aba1-2848073e1c33/mtp/objects/Pump/rpmLowEn/VMan/Actual,rpmLowEn,Pump RPM Alarm Low,,,,,,TAK,0.0,0.0
devices/616ad07e-52e7-4293-aba1-2848073e1c33/mtp/objects/Pump/rpmLowEn,VOut,SP,devices/616ad07e-52e7-4293-aba1-2848073e1c33/mtp/objects/Pump/rpmLowEn/VOut/Actual,rpmLowEn,Pump RPM Alarm Low,,,,,,TAK,0.0,0.0
devices/616ad07e-52e7-4293-aba1-2848073e1c33/mtp/objects/Pump/safePosSwitch,VFbk,PV,devices/616ad07e-52e7-4293-aba1-2848073e1c33/mtp/objects/Pump/safePosSwitch/VFbk/Actual,safePosSwitch,Safe Position Switch,,,,,,TAK,0.0,0.0
devices/616ad07e-52e7-4293-aba1-2848073e1c33/mtp/objects/Pump/safePosSwitch,VMan,Manual,devices/616ad07e-52e7-4293-aba1-2848073e1c33/mtp/objects/Pump/safePosSwitch/VMan/Actual,safePosSwitch,Safe Position Switch,,,,,,TAK,0.0,0.0
devices/616ad07e-52e7-4293-aba1-2848073e1c33/mtp/objects/Pump/safePosSwitch,VOut,SP,devices/616ad07e-52e7-4293-aba1-2848073e1c33/mtp/objects/Pump/safePosSwitch/VOut/Actual,safePosSwitch,Safe Position Switch,,,,,,TAK,0.0,0.0
devices/616ad07e-52e7-4293-aba1-2848073e1c33/mtp/objects/Pump/temperature,V,Value,devices/616ad07e-52e7-4293-aba1-2848073e1c33/mtp/objects/Pump/temperature/V/Actual,temperature,Temperature Sensor,,,,temperature_value,,NIE,0.0,0.0
devices/616ad07e-52e7-4293-aba1-2848073e1c33/mtp/objects/Pump/totaliser,V,Value,devices/616ad07e-52e7-4293-aba1-2848073e1c33/mtp/objects/Pump/totaliser/V/Actual,totaliser,Total Volume,,,,,,NIE,0.0,0.0
devices/616ad07e-52e7-4293-aba1-2848073e1c33/mtp/objects/Pump/totaliserReset,VFbk,PV,devices/616ad07e-52e7-4293-aba1-2848073e1c33/mtp/objects/Pump/totaliserReset/VFbk/Actual,totaliserReset,Reset Total Volume,,,,,,TAK,0.0,0.0
devices/616ad07e-52e7-4293-aba1-2848073e1c33/mtp/objects/Pump/totaliserReset,VMan,Manual,devices/616ad07e-52e7-4293-aba1-2848073e1c33/mtp/objects/Pump/totaliserReset/VMan/Actual,totaliserReset,Reset Total Volume,,,,,,TAK,0.0,0.0
devices/616ad07e-52e7-4293-aba1-2848073e1c33/mtp/objects/Pump/totaliserReset,VOut,SP,devices/616ad07e-52e7-4293-aba1-2848073e1c33/mtp/objects/Pump/totaliserReset/VOut/Actual,totaliserReset,Reset Total Volume,,,,,,TAK,0.0,0.0
devices/616ad07e-52e7-4293-aba1-2848073e1c33/mtp/objects/Pump/tubeDescription,VFbk,PV,devices/616ad07e-52e7-4293-aba1-2848073e1c33/mtp/objects/Pump/tubeDescription/VFbk/Actual,tubeDescription,Tube Description,,,,,,TAK,0.0,0.0
devices/616ad07e-52e7-4293-aba1-2848073e1c33/mtp/objects/Pump/tubeDescription,VMan,Manual,devices/616ad07e-52e7-4293-aba1-2848073e1c33/mtp/objects/Pump/tubeDescription/VMan/Actual,tubeDescription,Tube Description,,,,,,TAK,0.0,0.0
devices/616ad07e-52e7-4293-aba1-2848073e1c33/mtp/objects/Pump/tubeDescription,VOut,SP,devices/616ad07e-52e7-4293-aba1-2848073e1c33/mtp/objects/Pump/tubeDescription/VOut/Actual,tubeDescription,Tube Description,,,,,,TAK,0.0,0.0
devices/ae8f16e0-b975-43df-9fd7-cba7530be7c9/mtp/objects/Pump/coefficient,VFbk,PV,devices/ae8f16e0-b975-43df-9fd7-cba7530be7c9/mtp/objects/Pump/coefficient/VFbk/Actual,coefficient,Flow Coefficient,,,,flow_value,,TAK,0.0,0.0
devices/ae8f16e0-b975-43df-9fd7-cba7530be7c9/mtp/objects/Pump/coefficient,VMan,Manual,devices/ae8f16e0-b975-43df-9fd7-cba7530be7c9/mtp/objects/Pump/coefficient/VMan/Actual,coefficient,Flow Coefficient,,,,flow_value,,TAK,0.0,0.0
devices/ae8f16e0-b975-43df-9fd7-cba7530be7c9/mtp/objects/Pump/coefficient,VOut,SP,devices/ae8f16e0-b975-43df-9fd7-cba7530be7c9/mtp/objects/Pump/coefficient/VOut/Actual,coefficient,Flow Coefficient,,,,flow_value,,TAK,0.0,0.0
devices/ae8f16e0-b975-43df-9fd7-cba7530be7c9/mtp/objects/Pump/current,V,Value,devices/ae8f16e0-b975-43df-9fd7-cba7530be7c9/mtp/objects/Pump/current/V/Actual,current,Current Sensor,,,,,,NIE,0.0,0.0
devices/ae8f16e0-b975-43df-9fd7-cba7530be7c9/mtp/objects/Pump/flow,VFbk,PV,devices/ae8f16e0-b975-43df-9fd7-cba7530be7c9/mtp/objects/Pump/flow/VFbk/Actual,flow,Flow Rate (mL/min),Output/Pompa_02/o_Flow_Fbk,peristalticpump/out_peristalticpump_speed_rpm,flow,flow_value,Przep?yw pompy 2 mapowany na pr?dko?? RPM w modelu.,NIE,1.0,1.0
devices/ae8f16e0-b975-43df-9fd7-cba7530be7c9/mtp/objects/Pump/flow,VMan,Manual,devices/ae8f16e0-b975-43df-9fd7-cba7530be7c9/mtp/objects/Pump/flow/VMan/Actual,flow,Flow Rate (mL/min),,,,flow_value,,NIE,0.0,0.0
devices/ae8f16e0-b975-43df-9fd7-cba7530be7c9/mtp/objects/Pump/flow,VOut,SP,devices/ae8f16e0-b975-43df-9fd7-cba7530be7c9/mtp/objects/Pump/flow/VOut/Actual,flow,Flow Rate (mL/min),Output/Pompa_02/i_Speed_SP,peristalticpump/out_peristalticpump_speed_rpm,speed / RPM,speed_setpoint,Warto?? zadana pr?dko?ci pompy 2.,NIE,1.0,1.0
devices/ae8f16e0-b975-43df-9fd7-cba7530be7c9/mtp/objects/Pump/interlockSwitch,VFbk,PV,devices/ae8f16e0-b975-43df-9fd7-cba7530be7c9/mtp/objects/Pump/interlockSwitch/VFbk/Actual,interlockSwitch,Interlock Switch,,,,,,TAK,0.0,0.0
devices/ae8f16e0-b975-43df-9fd7-cba7530be7c9/mtp/objects/Pump/interlockSwitch,VMan,SP,devices/ae8f16e0-b975-43df-9fd7-cba7530be7c9/mtp/objects/Pump/interlockSwitch/VMan/Setpoint,interlockSwitch,Interlock Switch,,,,,,TAK,0.0,0.0
devices/ae8f16e0-b975-43df-9fd7-cba7530be7c9/mtp/objects/Pump/interlockSwitch,VOut,SP,devices/ae8f16e0-b975-43df-9fd7-cba7530be7c9/mtp/objects/Pump/interlockSwitch/VOut/Actual,interlockSwitch,Interlock Switch,,,,,,TAK,0.0,0.0
devices/ae8f16e0-b975-43df-9fd7-cba7530be7c9/mtp/objects/Pump/moduleIdentificationTrigger,VFbk,PV,devices/ae8f16e0-b975-43df-9fd7-cba7530be7c9/mtp/objects/Pump/moduleIdentificationTrigger/VFbk/Actual,moduleIdentificationTrigger,Module Identification Trigger,,,,,,TAK,0.0,0.0
devices/ae8f16e0-b975-43df-9fd7-cba7530be7c9/mtp/objects/Pump/moduleIdentificationTrigger,VMan,Manual,devices/ae8f16e0-b975-43df-9fd7-cba7530be7c9/mtp/objects/Pump/moduleIdentificationTrigger/VMan/Actual,moduleIdentificationTrigger,Module Identification Trigger,,,,,,TAK,0.0,0.0
devices/ae8f16e0-b975-43df-9fd7-cba7530be7c9/mtp/objects/Pump/moduleIdentificationTrigger,VOut,SP,devices/ae8f16e0-b975-43df-9fd7-cba7530be7c9/mtp/objects/Pump/moduleIdentificationTrigger/VOut/Actual,moduleIdentificationTrigger,Module Identification Trigger,,,,,,TAK,0.0,0.0
devices/ae8f16e0-b975-43df-9fd7-cba7530be7c9/mtp/objects/Pump/protectReset,VFbk,PV,devices/ae8f16e0-b975-43df-9fd7-cba7530be7c9/mtp/objects/Pump/protectReset/VFbk/Actual,protectReset,Protection Reset,,,,,,TAK,0.0,0.0
devices/ae8f16e0-b975-43df-9fd7-cba7530be7c9/mtp/objects/Pump/protectReset,VMan,Manual,devices/ae8f16e0-b975-43df-9fd7-cba7530be7c9/mtp/objects/Pump/protectReset/VMan/Actual,protectReset,Protection Reset,,,,,,TAK,0.0,0.0
devices/ae8f16e0-b975-43df-9fd7-cba7530be7c9/mtp/objects/Pump/protectReset,VOut,SP,devices/ae8f16e0-b975-43df-9fd7-cba7530be7c9/mtp/objects/Pump/protectReset/VOut/Actual,protectReset,Protection Reset,,,,,,TAK,0.0,0.0
devices/ae8f16e0-b975-43df-9fd7-cba7530be7c9/mtp/objects/Pump/rpmHighEn,VFbk,PV,devices/ae8f16e0-b975-43df-9fd7-cba7530be7c9/mtp/objects/Pump/rpmHighEn/VFbk/Actual,rpmHighEn,Pump RPM Alarm High,,,,,,TAK,0.0,0.0
devices/ae8f16e0-b975-43df-9fd7-cba7530be7c9/mtp/objects/Pump/rpmHighEn,VMan,Manual,devices/ae8f16e0-b975-43df-9fd7-cba7530be7c9/mtp/objects/Pump/rpmHighEn/VMan/Actual,rpmHighEn,Pump RPM Alarm High,,,,,,TAK,0.0,0.0
devices/ae8f16e0-b975-43df-9fd7-cba7530be7c9/mtp/objects/Pump/rpmHighEn,VOut,SP,devices/ae8f16e0-b975-43df-9fd7-cba7530be7c9/mtp/objects/Pump/rpmHighEn/VOut/Actual,rpmHighEn,Pump RPM Alarm High,,,,,,TAK,0.0,0.0
devices/ae8f16e0-b975-43df-9fd7-cba7530be7c9/mtp/objects/Pump/rpmLowEn,VFbk,PV,devices/ae8f16e0-b975-43df-9fd7-cba7530be7c9/mtp/objects/Pump/rpmLowEn/VFbk/Actual,rpmLowEn,Pump RPM Alarm Low,,,,,,TAK,0.0,0.0
devices/ae8f16e0-b975-43df-9fd7-cba7530be7c9/mtp/objects/Pump/rpmLowEn,VMan,Manual,devices/ae8f16e0-b975-43df-9fd7-cba7530be7c9/mtp/objects/Pump/rpmLowEn/VMan/Actual,rpmLowEn,Pump RPM Alarm Low,,,,,,TAK,0.0,0.0
devices/ae8f16e0-b975-43df-9fd7-cba7530be7c9/mtp/objects/Pump/rpmLowEn,VOut,SP,devices/ae8f16e0-b975-43df-9fd7-cba7530be7c9/mtp/objects/Pump/rpmLowEn/VOut/Actual,rpmLowEn,Pump RPM Alarm Low,,,,,,TAK,0.0,0.0
devices/ae8f16e0-b975-43df-9fd7-cba7530be7c9/mtp/objects/Pump/safePosSwitch,VFbk,PV,devices/ae8f16e0-b975-43df-9fd7-cba7530be7c9/mtp/objects/Pump/safePosSwitch/VFbk/Actual,safePosSwitch,Safe Position Switch,,,,,,TAK,0.0,0.0
devices/ae8f16e0-b975-43df-9fd7-cba7530be7c9/mtp/objects/Pump/safePosSwitch,VMan,Manual,devices/ae8f16e0-b975-43df-9fd7-cba7530be7c9/mtp/objects/Pump/safePosSwitch/VMan/Actual,safePosSwitch,Safe Position Switch,,,,,,TAK,0.0,0.0
devices/ae8f16e0-b975-43df-9fd7-cba7530be7c9/mtp/objects/Pump/safePosSwitch,VOut,SP,devices/ae8f16e0-b975-43df-9fd7-cba7530be7c9/mtp/objects/Pump/safePosSwitch/VOut/Actual,safePosSwitch,Safe Position Switch,,,,,,TAK,0.0,0.0
devices/ae8f16e0-b975-43df-9fd7-cba7530be7c9/mtp/objects/Pump/temperature,V,Value,devices/ae8f16e0-b975-43df-9fd7-cba7530be7c9/mtp/objects/Pump/temperature/V/Actual,temperature,Temperature Sensor,,,,temperature_value,,NIE,0.0,0.0
devices/ae8f16e0-b975-43df-9fd7-cba7530be7c9/mtp/objects/Pump/totaliser,V,Value,devices/ae8f16e0-b975-43df-9fd7-cba7530be7c9/mtp/objects/Pump/totaliser/V/Actual,totaliser,Total Volume,,,,,,NIE,0.0,0.0
devices/ae8f16e0-b975-43df-9fd7-cba7530be7c9/mtp/objects/Pump/totaliserReset,VFbk,PV,devices/ae8f16e0-b975-43df-9fd7-cba7530be7c9/mtp/objects/Pump/totaliserReset/VFbk/Actual,totaliserReset,Reset Total Volume,,,,,,TAK,0.0,0.0
devices/ae8f16e0-b975-43df-9fd7-cba7530be7c9/mtp/objects/Pump/totaliserReset,VMan,Manual,devices/ae8f16e0-b975-43df-9fd7-cba7530be7c9/mtp/objects/Pump/totaliserReset/VMan/Actual,totaliserReset,Reset Total Volume,,,,,,TAK,0.0,0.0
devices/ae8f16e0-b975-43df-9fd7-cba7530be7c9/mtp/objects/Pump/totaliserReset,VOut,SP,devices/ae8f16e0-b975-43df-9fd7-cba7530be7c9/mtp/objects/Pump/totaliserReset/VOut/Actual,totaliserReset,Reset Total Volume,,,,,,TAK,0.0,0.0
devices/ae8f16e0-b975-43df-9fd7-cba7530be7c9/mtp/objects/Pump/tubeDescription,VFbk,PV,devices/ae8f16e0-b975-43df-9fd7-cba7530be7c9/mtp/objects/Pump/tubeDescription/VFbk/Actual,tubeDescription,Tube Description,,,,,,TAK,0.0,0.0
devices/ae8f16e0-b975-43df-9fd7-cba7530be7c9/mtp/objects/Pump/tubeDescription,VMan,Manual,devices/ae8f16e0-b975-43df-9fd7-cba7530be7c9/mtp/objects/Pump/tubeDescription/VMan/Actual,tubeDescription,Tube Description,,,,,,TAK,0.0,0.0
devices/ae8f16e0-b975-43df-9fd7-cba7530be7c9/mtp/objects/Pump/tubeDescription,VOut,SP,devices/ae8f16e0-b975-43df-9fd7-cba7530be7c9/mtp/objects/Pump/tubeDescription/VOut/Actual,tubeDescription,Tube Description,,,,,,TAK,0.0,0.0
devices/b1a6d61d-c7a3-4cff-a509-74823026733c/mtp/objects/Sensor5/VAHEn,VFbk,PV,devices/b1a6d61d-c7a3-4cff-a509-74823026733c/mtp/objects/Sensor5/VAHEn/VFbk/Actual,VAHEn,PT100 Alarm High,,,,temperature_value,,TAK,0.0,0.0
devices/b1a6d61d-c7a3-4cff-a509-74823026733c/mtp/objects/Sensor5/VAHEn,VMan,Manual,devices/b1a6d61d-c7a3-4cff-a509-74823026733c/mtp/objects/Sensor5/VAHEn/VMan/Actual,VAHEn,PT100 Alarm High,,,,temperature_value,,TAK,0.0,0.0
devices/b1a6d61d-c7a3-4cff-a509-74823026733c/mtp/objects/Sensor5/VAHEn,VOut,SP,devices/b1a6d61d-c7a3-4cff-a509-74823026733c/mtp/objects/Sensor5/VAHEn/VOut/Actual,VAHEn,PT100 Alarm High,,,,temperature_value,,TAK,0.0,0.0
devices/b1a6d61d-c7a3-4cff-a509-74823026733c/mtp/objects/Sensor5/VALEn,VFbk,PV,devices/b1a6d61d-c7a3-4cff-a509-74823026733c/mtp/objects/Sensor5/VALEn/VFbk/Actual,VALEn,PT100 Alarm Low,,,,temperature_value,,TAK,0.0,0.0
devices/b1a6d61d-c7a3-4cff-a509-74823026733c/mtp/objects/Sensor5/VALEn,VMan,Manual,devices/b1a6d61d-c7a3-4cff-a509-74823026733c/mtp/objects/Sensor5/VALEn/VMan/Actual,VALEn,PT100 Alarm Low,,,,temperature_value,,TAK,0.0,0.0
devices/b1a6d61d-c7a3-4cff-a509-74823026733c/mtp/objects/Sensor5/VALEn,VOut,SP,devices/b1a6d61d-c7a3-4cff-a509-74823026733c/mtp/objects/Sensor5/VALEn/VOut/Actual,VALEn,PT100 Alarm Low,,,,temperature_value,,TAK,0.0,0.0
devices/b1a6d61d-c7a3-4cff-a509-74823026733c/mtp/objects/Sensor5/measurementFirstProbe,V,Value,devices/b1a6d61d-c7a3-4cff-a509-74823026733c/mtp/objects/Sensor5/measurementFirstProbe/V/Actual,measurementFirstProbe,PT100,,,,measurement_value,,NIE,0.0,0.0
devices/b1a6d61d-c7a3-4cff-a509-74823026733c/mtp/objects/Sensor5/moduleIdentificationTrigger,VFbk,PV,devices/b1a6d61d-c7a3-4cff-a509-74823026733c/mtp/objects/Sensor5/moduleIdentificationTrigger/VFbk/Actual,moduleIdentificationTrigger,Module Identification Trigger,,,,,,TAK,0.0,0.0
devices/b1a6d61d-c7a3-4cff-a509-74823026733c/mtp/objects/Sensor5/moduleIdentificationTrigger,VMan,Manual,devices/b1a6d61d-c7a3-4cff-a509-74823026733c/mtp/objects/Sensor5/moduleIdentificationTrigger/VMan/Actual,moduleIdentificationTrigger,Module Identification Trigger,,,,,,TAK,0.0,0.0
devices/b1a6d61d-c7a3-4cff-a509-74823026733c/mtp/objects/Sensor5/moduleIdentificationTrigger,VOut,SP,devices/b1a6d61d-c7a3-4cff-a509-74823026733c/mtp/objects/Sensor5/moduleIdentificationTrigger/VOut/Actual,moduleIdentificationTrigger,Module Identification Trigger,,,,,,TAK,0.0,0.0
devices/c6444729-56d5-4510-a365-f7dabcb2069c/mtp/objects/Sensor6/VAHEnFirstProbe,VFbk,PV,devices/c6444729-56d5-4510-a365-f7dabcb2069c/mtp/objects/Sensor6/VAHEnFirstProbe/VFbk/Actual,VAHEnFirstProbe,First probe alarm high,,,,,,TAK,0.0,0.0
devices/c6444729-56d5-4510-a365-f7dabcb2069c/mtp/objects/Sensor6/VAHEnFirstProbe,VMan,Manual,devices/c6444729-56d5-4510-a365-f7dabcb2069c/mtp/objects/Sensor6/VAHEnFirstProbe/VMan/Actual,VAHEnFirstProbe,First probe alarm high,,,,,,TAK,0.0,0.0
devices/c6444729-56d5-4510-a365-f7dabcb2069c/mtp/objects/Sensor6/VAHEnFirstProbe,VOut,SP,devices/c6444729-56d5-4510-a365-f7dabcb2069c/mtp/objects/Sensor6/VAHEnFirstProbe/VOut/Actual,VAHEnFirstProbe,First probe alarm high,,,,,,TAK,0.0,0.0
devices/c6444729-56d5-4510-a365-f7dabcb2069c/mtp/objects/Sensor6/VAHEnSecondProbe,VFbk,PV,devices/c6444729-56d5-4510-a365-f7dabcb2069c/mtp/objects/Sensor6/VAHEnSecondProbe/VFbk/Actual,VAHEnSecondProbe,Second probe alarm high,,,,,,TAK,0.0,0.0
devices/c6444729-56d5-4510-a365-f7dabcb2069c/mtp/objects/Sensor6/VAHEnSecondProbe,VMan,Manual,devices/c6444729-56d5-4510-a365-f7dabcb2069c/mtp/objects/Sensor6/VAHEnSecondProbe/VMan/Actual,VAHEnSecondProbe,Second probe alarm high,,,,,,TAK,0.0,0.0
devices/c6444729-56d5-4510-a365-f7dabcb2069c/mtp/objects/Sensor6/VAHEnSecondProbe,VOut,SP,devices/c6444729-56d5-4510-a365-f7dabcb2069c/mtp/objects/Sensor6/VAHEnSecondProbe/VOut/Actual,VAHEnSecondProbe,Second probe alarm high,,,,,,TAK,0.0,0.0
devices/c6444729-56d5-4510-a365-f7dabcb2069c/mtp/objects/Sensor6/VAHEnThirdProbe,VFbk,PV,devices/c6444729-56d5-4510-a365-f7dabcb2069c/mtp/objects/Sensor6/VAHEnThirdProbe/VFbk/Actual,VAHEnThirdProbe,Third probe alarm high,,,,,,TAK,0.0,0.0
devices/c6444729-56d5-4510-a365-f7dabcb2069c/mtp/objects/Sensor6/VAHEnThirdProbe,VMan,Manual,devices/c6444729-56d5-4510-a365-f7dabcb2069c/mtp/objects/Sensor6/VAHEnThirdProbe/VMan/Actual,VAHEnThirdProbe,Third probe alarm high,,,,,,TAK,0.0,0.0
devices/c6444729-56d5-4510-a365-f7dabcb2069c/mtp/objects/Sensor6/VAHEnThirdProbe,VOut,SP,devices/c6444729-56d5-4510-a365-f7dabcb2069c/mtp/objects/Sensor6/VAHEnThirdProbe/VOut/Actual,VAHEnThirdProbe,Third probe alarm high,,,,,,TAK,0.0,0.0
devices/c6444729-56d5-4510-a365-f7dabcb2069c/mtp/objects/Sensor6/VALEnFirstProbe,VFbk,PV,devices/c6444729-56d5-4510-a365-f7dabcb2069c/mtp/objects/Sensor6/VALEnFirstProbe/VFbk/Actual,VALEnFirstProbe,First probe alarm low,,,,,,TAK,0.0,0.0
devices/c6444729-56d5-4510-a365-f7dabcb2069c/mtp/objects/Sensor6/VALEnFirstProbe,VMan,Manual,devices/c6444729-56d5-4510-a365-f7dabcb2069c/mtp/objects/Sensor6/VALEnFirstProbe/VMan/Actual,VALEnFirstProbe,First probe alarm low,,,,,,TAK,0.0,0.0
devices/c6444729-56d5-4510-a365-f7dabcb2069c/mtp/objects/Sensor6/VALEnFirstProbe,VOut,SP,devices/c6444729-56d5-4510-a365-f7dabcb2069c/mtp/objects/Sensor6/VALEnFirstProbe/VOut/Actual,VALEnFirstProbe,First probe alarm low,,,,,,TAK,0.0,0.0
devices/c6444729-56d5-4510-a365-f7dabcb2069c/mtp/objects/Sensor6/VALEnSecondProbe,VFbk,PV,devices/c6444729-56d5-4510-a365-f7dabcb2069c/mtp/objects/Sensor6/VALEnSecondProbe/VFbk/Actual,VALEnSecondProbe,Second probe alarm low,,,,,,TAK,0.0,0.0
devices/c6444729-56d5-4510-a365-f7dabcb2069c/mtp/objects/Sensor6/VALEnSecondProbe,VMan,Manual,devices/c6444729-56d5-4510-a365-f7dabcb2069c/mtp/objects/Sensor6/VALEnSecondProbe/VMan/Actual,VALEnSecondProbe,Second probe alarm low,,,,,,TAK,0.0,0.0
devices/c6444729-56d5-4510-a365-f7dabcb2069c/mtp/objects/Sensor6/VALEnSecondProbe,VOut,SP,devices/c6444729-56d5-4510-a365-f7dabcb2069c/mtp/objects/Sensor6/VALEnSecondProbe/VOut/Actual,VALEnSecondProbe,Second probe alarm low,,,,,,TAK,0.0,0.0
devices/c6444729-56d5-4510-a365-f7dabcb2069c/mtp/objects/Sensor6/VALEnThirdProbe,VFbk,PV,devices/c6444729-56d5-4510-a365-f7dabcb2069c/mtp/objects/Sensor6/VALEnThirdProbe/VFbk/Actual,VALEnThirdProbe,Third probe alarm low,,,,,,TAK,0.0,0.0
devices/c6444729-56d5-4510-a365-f7dabcb2069c/mtp/objects/Sensor6/VALEnThirdProbe,VMan,Manual,devices/c6444729-56d5-4510-a365-f7dabcb2069c/mtp/objects/Sensor6/VALEnThirdProbe/VMan/Actual,VALEnThirdProbe,Third probe alarm low,,,,,,TAK,0.0,0.0
devices/c6444729-56d5-4510-a365-f7dabcb2069c/mtp/objects/Sensor6/VALEnThirdProbe,VOut,SP,devices/c6444729-56d5-4510-a365-f7dabcb2069c/mtp/objects/Sensor6/VALEnThirdProbe/VOut/Actual,VALEnThirdProbe,Third probe alarm low,,,,,,TAK,0.0,0.0
devices/c6444729-56d5-4510-a365-f7dabcb2069c/mtp/objects/Sensor6/measurementFirstProbe,V,Value,devices/c6444729-56d5-4510-a365-f7dabcb2069c/mtp/objects/Sensor6/measurementFirstProbe/V/Actual,measurementFirstProbe,Probe - not connected,,,,measurement_value,,TAK,0.0,0.0
devices/c6444729-56d5-4510-a365-f7dabcb2069c/mtp/objects/Sensor6/measurementSecondProbe,V,Value,devices/c6444729-56d5-4510-a365-f7dabcb2069c/mtp/objects/Sensor6/measurementSecondProbe/V/Actual,measurementSecondProbe,Probe - not connected,,,,,,TAK,0.0,0.0
devices/c6444729-56d5-4510-a365-f7dabcb2069c/mtp/objects/Sensor6/measurementThirdProbe,V,Value,devices/c6444729-56d5-4510-a365-f7dabcb2069c/mtp/objects/Sensor6/measurementThirdProbe/V/Actual,measurementThirdProbe,Probe - not connected,,,,,,TAK,0.0,0.0
devices/c6444729-56d5-4510-a365-f7dabcb2069c/mtp/objects/Sensor6/moduleIdentificationTrigger,VFbk,PV,devices/c6444729-56d5-4510-a365-f7dabcb2069c/mtp/objects/Sensor6/moduleIdentificationTrigger/VFbk/Actual,moduleIdentificationTrigger,Module Identification Trigger,,,,,,TAK,0.0,0.0
devices/c6444729-56d5-4510-a365-f7dabcb2069c/mtp/objects/Sensor6/moduleIdentificationTrigger,VMan,Manual,devices/c6444729-56d5-4510-a365-f7dabcb2069c/mtp/objects/Sensor6/moduleIdentificationTrigger/VMan/Actual,moduleIdentificationTrigger,Module Identification Trigger,,,,,,TAK,0.0,0.0
devices/c6444729-56d5-4510-a365-f7dabcb2069c/mtp/objects/Sensor6/moduleIdentificationTrigger,VOut,SP,devices/c6444729-56d5-4510-a365-f7dabcb2069c/mtp/objects/Sensor6/moduleIdentificationTrigger/VOut/Actual,moduleIdentificationTrigger,Module Identification Trigger,,,,,,TAK,0.0,0.0
devices/c6444729-56d5-4510-a365-f7dabcb2069c/mtp/objects/Sensor6/qualityIndicator,V,Value,devices/c6444729-56d5-4510-a365-f7dabcb2069c/mtp/objects/Sensor6/qualityIndicator/V/Actual,qualityIndicator,Quality Indicator,,,,,,TAK,0.0,0.0
devices/d119c456-717a-4aa2-af0a-1d6d41f69d69/mtp/objects/Sensor4/VAHEnFirstProbe,VFbk,PV,devices/d119c456-717a-4aa2-af0a-1d6d41f69d69/mtp/objects/Sensor4/VAHEnFirstProbe/VFbk/Actual,VAHEnFirstProbe,First probe alarm high,,,,,,TAK,0.0,0.0
devices/d119c456-717a-4aa2-af0a-1d6d41f69d69/mtp/objects/Sensor4/VAHEnFirstProbe,VMan,Manual,devices/d119c456-717a-4aa2-af0a-1d6d41f69d69/mtp/objects/Sensor4/VAHEnFirstProbe/VMan/Actual,VAHEnFirstProbe,First probe alarm high,,,,,,TAK,0.0,0.0
devices/d119c456-717a-4aa2-af0a-1d6d41f69d69/mtp/objects/Sensor4/VAHEnFirstProbe,VOut,SP,devices/d119c456-717a-4aa2-af0a-1d6d41f69d69/mtp/objects/Sensor4/VAHEnFirstProbe/VOut/Actual,VAHEnFirstProbe,First probe alarm high,,,,,,TAK,0.0,0.0
devices/d119c456-717a-4aa2-af0a-1d6d41f69d69/mtp/objects/Sensor4/VAHEnSecondProbe,VFbk,PV,devices/d119c456-717a-4aa2-af0a-1d6d41f69d69/mtp/objects/Sensor4/VAHEnSecondProbe/VFbk/Actual,VAHEnSecondProbe,Second probe alarm high,,,,,,TAK,0.0,0.0
devices/d119c456-717a-4aa2-af0a-1d6d41f69d69/mtp/objects/Sensor4/VAHEnSecondProbe,VMan,Manual,devices/d119c456-717a-4aa2-af0a-1d6d41f69d69/mtp/objects/Sensor4/VAHEnSecondProbe/VMan/Actual,VAHEnSecondProbe,Second probe alarm high,,,,,,TAK,0.0,0.0
devices/d119c456-717a-4aa2-af0a-1d6d41f69d69/mtp/objects/Sensor4/VAHEnSecondProbe,VOut,SP,devices/d119c456-717a-4aa2-af0a-1d6d41f69d69/mtp/objects/Sensor4/VAHEnSecondProbe/VOut/Actual,VAHEnSecondProbe,Second probe alarm high,,,,,,TAK,0.0,0.0
devices/d119c456-717a-4aa2-af0a-1d6d41f69d69/mtp/objects/Sensor4/VAHEnThirdProbe,VFbk,PV,devices/d119c456-717a-4aa2-af0a-1d6d41f69d69/mtp/objects/Sensor4/VAHEnThirdProbe/VFbk/Actual,VAHEnThirdProbe,Third probe alarm high,,,,,,TAK,0.0,0.0
devices/d119c456-717a-4aa2-af0a-1d6d41f69d69/mtp/objects/Sensor4/VAHEnThirdProbe,VMan,Manual,devices/d119c456-717a-4aa2-af0a-1d6d41f69d69/mtp/objects/Sensor4/VAHEnThirdProbe/VMan/Actual,VAHEnThirdProbe,Third probe alarm high,,,,,,TAK,0.0,0.0
devices/d119c456-717a-4aa2-af0a-1d6d41f69d69/mtp/objects/Sensor4/VAHEnThirdProbe,VOut,SP,devices/d119c456-717a-4aa2-af0a-1d6d41f69d69/mtp/objects/Sensor4/VAHEnThirdProbe/VOut/Actual,VAHEnThirdProbe,Third probe alarm high,,,,,,TAK,0.0,0.0
devices/d119c456-717a-4aa2-af0a-1d6d41f69d69/mtp/objects/Sensor4/VALEnFirstProbe,VFbk,PV,devices/d119c456-717a-4aa2-af0a-1d6d41f69d69/mtp/objects/Sensor4/VALEnFirstProbe/VFbk/Actual,VALEnFirstProbe,First probe alarm low,,,,,,TAK,0.0,0.0
devices/d119c456-717a-4aa2-af0a-1d6d41f69d69/mtp/objects/Sensor4/VALEnFirstProbe,VMan,Manual,devices/d119c456-717a-4aa2-af0a-1d6d41f69d69/mtp/objects/Sensor4/VALEnFirstProbe/VMan/Actual,VALEnFirstProbe,First probe alarm low,,,,,,TAK,0.0,0.0
devices/d119c456-717a-4aa2-af0a-1d6d41f69d69/mtp/objects/Sensor4/VALEnFirstProbe,VOut,SP,devices/d119c456-717a-4aa2-af0a-1d6d41f69d69/mtp/objects/Sensor4/VALEnFirstProbe/VOut/Actual,VALEnFirstProbe,First probe alarm low,,,,,,TAK,0.0,0.0
devices/d119c456-717a-4aa2-af0a-1d6d41f69d69/mtp/objects/Sensor4/VALEnSecondProbe,VFbk,PV,devices/d119c456-717a-4aa2-af0a-1d6d41f69d69/mtp/objects/Sensor4/VALEnSecondProbe/VFbk/Actual,VALEnSecondProbe,Second probe alarm low,,,,,,TAK,0.0,0.0
devices/d119c456-717a-4aa2-af0a-1d6d41f69d69/mtp/objects/Sensor4/VALEnSecondProbe,VMan,Manual,devices/d119c456-717a-4aa2-af0a-1d6d41f69d69/mtp/objects/Sensor4/VALEnSecondProbe/VMan/Actual,VALEnSecondProbe,Second probe alarm low,,,,,,TAK,0.0,0.0
devices/d119c456-717a-4aa2-af0a-1d6d41f69d69/mtp/objects/Sensor4/VALEnSecondProbe,VOut,SP,devices/d119c456-717a-4aa2-af0a-1d6d41f69d69/mtp/objects/Sensor4/VALEnSecondProbe/VOut/Actual,VALEnSecondProbe,Second probe alarm low,,,,,,TAK,0.0,0.0
devices/d119c456-717a-4aa2-af0a-1d6d41f69d69/mtp/objects/Sensor4/VALEnThirdProbe,VFbk,PV,devices/d119c456-717a-4aa2-af0a-1d6d41f69d69/mtp/objects/Sensor4/VALEnThirdProbe/VFbk/Actual,VALEnThirdProbe,Third probe alarm low,,,,,,TAK,0.0,0.0
devices/d119c456-717a-4aa2-af0a-1d6d41f69d69/mtp/objects/Sensor4/VALEnThirdProbe,VMan,Manual,devices/d119c456-717a-4aa2-af0a-1d6d41f69d69/mtp/objects/Sensor4/VALEnThirdProbe/VMan/Actual,VALEnThirdProbe,Third probe alarm low,,,,,,TAK,0.0,0.0
devices/d119c456-717a-4aa2-af0a-1d6d41f69d69/mtp/objects/Sensor4/VALEnThirdProbe,VOut,SP,devices/d119c456-717a-4aa2-af0a-1d6d41f69d69/mtp/objects/Sensor4/VALEnThirdProbe/VOut/Actual,VALEnThirdProbe,Third probe alarm low,,,,,,TAK,0.0,0.0
devices/d119c456-717a-4aa2-af0a-1d6d41f69d69/mtp/objects/Sensor4/measurementFirstProbe,V,Value,devices/d119c456-717a-4aa2-af0a-1d6d41f69d69/mtp/objects/Sensor4/measurementFirstProbe/V/Actual,measurementFirstProbe,Probe - CO2,,,,measurement_value,,NIE,0.0,0.0
devices/d119c456-717a-4aa2-af0a-1d6d41f69d69/mtp/objects/Sensor4/measurementSecondProbe,V,Value,devices/d119c456-717a-4aa2-af0a-1d6d41f69d69/mtp/objects/Sensor4/measurementSecondProbe/V/Actual,measurementSecondProbe,Probe - Not supported,,,,,,NIE,0.0,0.0
devices/d119c456-717a-4aa2-af0a-1d6d41f69d69/mtp/objects/Sensor4/measurementThirdProbe,V,Value,devices/d119c456-717a-4aa2-af0a-1d6d41f69d69/mtp/objects/Sensor4/measurementThirdProbe/V/Actual,measurementThirdProbe,Probe - T,,,,,,NIE,0.0,0.0
devices/d119c456-717a-4aa2-af0a-1d6d41f69d69/mtp/objects/Sensor4/moduleIdentificationTrigger,VFbk,PV,devices/d119c456-717a-4aa2-af0a-1d6d41f69d69/mtp/objects/Sensor4/moduleIdentificationTrigger/VFbk/Actual,moduleIdentificationTrigger,Module Identification Trigger,,,,,,TAK,0.0,0.0
devices/d119c456-717a-4aa2-af0a-1d6d41f69d69/mtp/objects/Sensor4/moduleIdentificationTrigger,VMan,Manual,devices/d119c456-717a-4aa2-af0a-1d6d41f69d69/mtp/objects/Sensor4/moduleIdentificationTrigger/VMan/Actual,moduleIdentificationTrigger,Module Identification Trigger,,,,,,TAK,0.0,0.0
devices/d119c456-717a-4aa2-af0a-1d6d41f69d69/mtp/objects/Sensor4/moduleIdentificationTrigger,VOut,SP,devices/d119c456-717a-4aa2-af0a-1d6d41f69d69/mtp/objects/Sensor4/moduleIdentificationTrigger/VOut/Actual,moduleIdentificationTrigger,Module Identification Trigger,,,,,,TAK,0.0,0.0
devices/d119c456-717a-4aa2-af0a-1d6d41f69d69/mtp/objects/Sensor4/qualityIndicator,V,Value,devices/d119c456-717a-4aa2-af0a-1d6d41f69d69/mtp/objects/Sensor4/qualityIndicator/V/Actual,qualityIndicator,Quality Indicator,,,,,,TAK,0.0,0.0
devices/d2304eda-30b4-41bc-a866-b39bdf7f4b90/mtp/objects/Agitator/rpmAHEN,VFbk,PV,devices/d2304eda-30b4-41bc-a866-b39bdf7f4b90/mtp/objects/Agitator/rpmAHEN/VFbk/Actual,rpmAHEN,Agitator Speed Alarm High Enable,Output/Mieszanie_01/o_Speed_Fbk,mixer/out_mixer_model_angular_velocity_rads,speed / RPM,speed_feedback,Pr?dko?? k?towa (rad/s) wyliczona na podstawie obrotów (RPM).,TAK,1.0,1.0
devices/d2304eda-30b4-41bc-a866-b39bdf7f4b90/mtp/objects/Agitator/rpmAHEN,VMan,Manual,devices/d2304eda-30b4-41bc-a866-b39bdf7f4b90/mtp/objects/Agitator/rpmAHEN/VMan/Actual,rpmAHEN,Agitator Speed Alarm High Enable,,,,,,TAK,0.0,0.0
devices/d2304eda-30b4-41bc-a866-b39bdf7f4b90/mtp/objects/Agitator/rpmAHEN,VOut,SP,devices/d2304eda-30b4-41bc-a866-b39bdf7f4b90/mtp/objects/Agitator/rpmAHEN/VOut/Actual,rpmAHEN,Agitator Speed Alarm High Enable,Output/Mieszanie_01/i_Speed_SP,mixer/out_mixer_rpm_setpoint,speed / RPM,speed_setpoint,Warto?? zadana pr?dko?ci obrotowej mieszad?a.,TAK,1.0,1.0
devices/d2304eda-30b4-41bc-a866-b39bdf7f4b90/mtp/objects/Agitator/rpmALEN,VFbk,PV,devices/d2304eda-30b4-41bc-a866-b39bdf7f4b90/mtp/objects/Agitator/rpmALEN/VFbk/Actual,rpmALEN,Agitator Speed Alarm Low Enable,,,,,,TAK,0.0,0.0
devices/d2304eda-30b4-41bc-a866-b39bdf7f4b90/mtp/objects/Agitator/rpmALEN,VMan,Manual,devices/d2304eda-30b4-41bc-a866-b39bdf7f4b90/mtp/objects/Agitator/rpmALEN/VMan/Actual,rpmALEN,Agitator Speed Alarm Low Enable,,,,,,TAK,0.0,0.0
devices/d2304eda-30b4-41bc-a866-b39bdf7f4b90/mtp/objects/Agitator/rpmALEN,VOut,SP,devices/d2304eda-30b4-41bc-a866-b39bdf7f4b90/mtp/objects/Agitator/rpmALEN/VOut/Actual,rpmALEN,Agitator Speed Alarm Low Enable,,,,,,TAK,0.0,0.0
devices/d2304eda-30b4-41bc-a866-b39bdf7f4b90/mtp/objects/Agitator/temperature,V,Value,devices/d2304eda-30b4-41bc-a866-b39bdf7f4b90/mtp/objects/Agitator/temperature/V/Actual,temperature,Agitator Temperature,Output/Mieszanie_01/o_usedEnergy,mixer/out_mixer_energy_consumption_w,,energy_consumption,Moc pobierana przez silnik mieszad?a.,NIE,1.0,1.0
devices/d2304eda-30b4-41bc-a866-b39bdf7f4b90/mtp/objects/Agitator/tmpAHEN,VFbk,PV,devices/d2304eda-30b4-41bc-a866-b39bdf7f4b90/mtp/objects/Agitator/tmpAHEN/VFbk/Actual,tmpAHEN,Agitator Temperature Alarm High Enable,,,,temperature_value,,TAK,0.0,0.0
devices/d2304eda-30b4-41bc-a866-b39bdf7f4b90/mtp/objects/Agitator/tmpAHEN,VMan,Manual,devices/d2304eda-30b4-41bc-a866-b39bdf7f4b90/mtp/objects/Agitator/tmpAHEN/VMan/Actual,tmpAHEN,Agitator Temperature Alarm High Enable,,,,temperature_value,,TAK,0.0,0.0
devices/d2304eda-30b4-41bc-a866-b39bdf7f4b90/mtp/objects/Agitator/tmpAHEN,VOut,SP,devices/d2304eda-30b4-41bc-a866-b39bdf7f4b90/mtp/objects/Agitator/tmpAHEN/VOut/Actual,tmpAHEN,Agitator Temperature Alarm High Enable,,,,temperature_value,,TAK,0.0,0.0
devices/d2304eda-30b4-41bc-a866-b39bdf7f4b90/mtp/objects/Agitator/tmpALEN,VFbk,PV,devices/d2304eda-30b4-41bc-a866-b39bdf7f4b90/mtp/objects/Agitator/tmpALEN/VFbk/Actual,tmpALEN,Agitator Temperature Alarm Low Enable,,,,temperature_value,,TAK,0.0,0.0
devices/d2304eda-30b4-41bc-a866-b39bdf7f4b90/mtp/objects/Agitator/tmpALEN,VMan,Manual,devices/d2304eda-30b4-41bc-a866-b39bdf7f4b90/mtp/objects/Agitator/tmpALEN/VMan/Actual,tmpALEN,Agitator Temperature Alarm Low Enable,,,,temperature_value,,TAK,0.0,0.0
devices/d2304eda-30b4-41bc-a866-b39bdf7f4b90/mtp/objects/Agitator/tmpALEN,VOut,SP,devices/d2304eda-30b4-41bc-a866-b39bdf7f4b90/mtp/objects/Agitator/tmpALEN/VOut/Actual,tmpALEN,Agitator Temperature Alarm Low Enable,,,,temperature_value,,TAK,0.0,0.0
devices/d57496a7-d1fb-4ece-ba31-dcfeda8753bc/mtp/objects/Sensor2/VAHEnFirstProbe,VFbk,PV,devices/d57496a7-d1fb-4ece-ba31-dcfeda8753bc/mtp/objects/Sensor2/VAHEnFirstProbe/VFbk/Actual,VAHEnFirstProbe,First probe alarm high,,,,,,TAK,0.0,0.0
devices/d57496a7-d1fb-4ece-ba31-dcfeda8753bc/mtp/objects/Sensor2/VAHEnFirstProbe,VMan,Manual,devices/d57496a7-d1fb-4ece-ba31-dcfeda8753bc/mtp/objects/Sensor2/VAHEnFirstProbe/VMan/Actual,VAHEnFirstProbe,First probe alarm high,,,,,,TAK,0.0,0.0
devices/d57496a7-d1fb-4ece-ba31-dcfeda8753bc/mtp/objects/Sensor2/VAHEnFirstProbe,VOut,SP,devices/d57496a7-d1fb-4ece-ba31-dcfeda8753bc/mtp/objects/Sensor2/VAHEnFirstProbe/VOut/Actual,VAHEnFirstProbe,First probe alarm high,,,,,,TAK,0.0,0.0
devices/d57496a7-d1fb-4ece-ba31-dcfeda8753bc/mtp/objects/Sensor2/VAHEnSecondProbe,VFbk,PV,devices/d57496a7-d1fb-4ece-ba31-dcfeda8753bc/mtp/objects/Sensor2/VAHEnSecondProbe/VFbk/Actual,VAHEnSecondProbe,Second probe alarm high,,,,,,TAK,0.0,0.0
devices/d57496a7-d1fb-4ece-ba31-dcfeda8753bc/mtp/objects/Sensor2/VAHEnSecondProbe,VMan,Manual,devices/d57496a7-d1fb-4ece-ba31-dcfeda8753bc/mtp/objects/Sensor2/VAHEnSecondProbe/VMan/Actual,VAHEnSecondProbe,Second probe alarm high,,,,,,TAK,0.0,0.0
devices/d57496a7-d1fb-4ece-ba31-dcfeda8753bc/mtp/objects/Sensor2/VAHEnSecondProbe,VOut,SP,devices/d57496a7-d1fb-4ece-ba31-dcfeda8753bc/mtp/objects/Sensor2/VAHEnSecondProbe/VOut/Actual,VAHEnSecondProbe,Second probe alarm high,,,,,,TAK,0.0,0.0
devices/d57496a7-d1fb-4ece-ba31-dcfeda8753bc/mtp/objects/Sensor2/VAHEnThirdProbe,VFbk,PV,devices/d57496a7-d1fb-4ece-ba31-dcfeda8753bc/mtp/objects/Sensor2/VAHEnThirdProbe/VFbk/Actual,VAHEnThirdProbe,Third probe alarm high,,,,,,TAK,0.0,0.0
devices/d57496a7-d1fb-4ece-ba31-dcfeda8753bc/mtp/objects/Sensor2/VAHEnThirdProbe,VMan,Manual,devices/d57496a7-d1fb-4ece-ba31-dcfeda8753bc/mtp/objects/Sensor2/VAHEnThirdProbe/VMan/Actual,VAHEnThirdProbe,Third probe alarm high,,,,,,TAK,0.0,0.0
devices/d57496a7-d1fb-4ece-ba31-dcfeda8753bc/mtp/objects/Sensor2/VAHEnThirdProbe,VOut,SP,devices/d57496a7-d1fb-4ece-ba31-dcfeda8753bc/mtp/objects/Sensor2/VAHEnThirdProbe/VOut/Actual,VAHEnThirdProbe,Third probe alarm high,,,,,,TAK,0.0,0.0
devices/d57496a7-d1fb-4ece-ba31-dcfeda8753bc/mtp/objects/Sensor2/VALEnFirstProbe,VFbk,PV,devices/d57496a7-d1fb-4ece-ba31-dcfeda8753bc/mtp/objects/Sensor2/VALEnFirstProbe/VFbk/Actual,VALEnFirstProbe,First probe alarm low,,,,,,TAK,0.0,0.0
devices/d57496a7-d1fb-4ece-ba31-dcfeda8753bc/mtp/objects/Sensor2/VALEnFirstProbe,VMan,Manual,devices/d57496a7-d1fb-4ece-ba31-dcfeda8753bc/mtp/objects/Sensor2/VALEnFirstProbe/VMan/Actual,VALEnFirstProbe,First probe alarm low,,,,,,TAK,0.0,0.0
devices/d57496a7-d1fb-4ece-ba31-dcfeda8753bc/mtp/objects/Sensor2/VALEnFirstProbe,VOut,SP,devices/d57496a7-d1fb-4ece-ba31-dcfeda8753bc/mtp/objects/Sensor2/VALEnFirstProbe/VOut/Actual,VALEnFirstProbe,First probe alarm low,,,,,,TAK,0.0,0.0
devices/d57496a7-d1fb-4ece-ba31-dcfeda8753bc/mtp/objects/Sensor2/VALEnSecondProbe,VFbk,PV,devices/d57496a7-d1fb-4ece-ba31-dcfeda8753bc/mtp/objects/Sensor2/VALEnSecondProbe/VFbk/Actual,VALEnSecondProbe,Second probe alarm low,,,,,,TAK,0.0,0.0
devices/d57496a7-d1fb-4ece-ba31-dcfeda8753bc/mtp/objects/Sensor2/VALEnSecondProbe,VMan,Manual,devices/d57496a7-d1fb-4ece-ba31-dcfeda8753bc/mtp/objects/Sensor2/VALEnSecondProbe/VMan/Actual,VALEnSecondProbe,Second probe alarm low,,,,,,TAK,0.0,0.0
devices/d57496a7-d1fb-4ece-ba31-dcfeda8753bc/mtp/objects/Sensor2/VALEnSecondProbe,VOut,SP,devices/d57496a7-d1fb-4ece-ba31-dcfeda8753bc/mtp/objects/Sensor2/VALEnSecondProbe/VOut/Actual,VALEnSecondProbe,Second probe alarm low,,,,,,TAK,0.0,0.0
devices/d57496a7-d1fb-4ece-ba31-dcfeda8753bc/mtp/objects/Sensor2/VALEnThirdProbe,VFbk,PV,devices/d57496a7-d1fb-4ece-ba31-dcfeda8753bc/mtp/objects/Sensor2/VALEnThirdProbe/VFbk/Actual,VALEnThirdProbe,Third probe alarm low,,,,,,TAK,0.0,0.0
devices/d57496a7-d1fb-4ece-ba31-dcfeda8753bc/mtp/objects/Sensor2/VALEnThirdProbe,VMan,Manual,devices/d57496a7-d1fb-4ece-ba31-dcfeda8753bc/mtp/objects/Sensor2/VALEnThirdProbe/VMan/Actual,VALEnThirdProbe,Third probe alarm low,,,,,,TAK,0.0,0.0
devices/d57496a7-d1fb-4ece-ba31-dcfeda8753bc/mtp/objects/Sensor2/VALEnThirdProbe,VOut,SP,devices/d57496a7-d1fb-4ece-ba31-dcfeda8753bc/mtp/objects/Sensor2/VALEnThirdProbe/VOut/Actual,VALEnThirdProbe,Third probe alarm low,,,,,,TAK,0.0,0.0
devices/d57496a7-d1fb-4ece-ba31-dcfeda8753bc/mtp/objects/Sensor2/measurementFirstProbe,V,Value,devices/d57496a7-d1fb-4ece-ba31-dcfeda8753bc/mtp/objects/Sensor2/measurementFirstProbe/V/Actual,measurementFirstProbe,Probe - not connected,,,,measurement_value,,TAK,0.0,0.0
devices/d57496a7-d1fb-4ece-ba31-dcfeda8753bc/mtp/objects/Sensor2/measurementSecondProbe,V,Value,devices/d57496a7-d1fb-4ece-ba31-dcfeda8753bc/mtp/objects/Sensor2/measurementSecondProbe/V/Actual,measurementSecondProbe,Probe - not connected,,,,,,TAK,0.0,0.0
devices/d57496a7-d1fb-4ece-ba31-dcfeda8753bc/mtp/objects/Sensor2/measurementThirdProbe,V,Value,devices/d57496a7-d1fb-4ece-ba31-dcfeda8753bc/mtp/objects/Sensor2/measurementThirdProbe/V/Actual,measurementThirdProbe,Probe - not connected,,,,,,TAK,0.0,0.0
devices/d57496a7-d1fb-4ece-ba31-dcfeda8753bc/mtp/objects/Sensor2/moduleIdentificationTrigger,VFbk,PV,devices/d57496a7-d1fb-4ece-ba31-dcfeda8753bc/mtp/objects/Sensor2/moduleIdentificationTrigger/VFbk/Actual,moduleIdentificationTrigger,Module Identification Trigger,,,,,,TAK,0.0,0.0
devices/d57496a7-d1fb-4ece-ba31-dcfeda8753bc/mtp/objects/Sensor2/moduleIdentificationTrigger,VMan,Manual,devices/d57496a7-d1fb-4ece-ba31-dcfeda8753bc/mtp/objects/Sensor2/moduleIdentificationTrigger/VMan/Actual,moduleIdentificationTrigger,Module Identification Trigger,,,,,,TAK,0.0,0.0
devices/d57496a7-d1fb-4ece-ba31-dcfeda8753bc/mtp/objects/Sensor2/moduleIdentificationTrigger,VOut,SP,devices/d57496a7-d1fb-4ece-ba31-dcfeda8753bc/mtp/objects/Sensor2/moduleIdentificationTrigger/VOut/Actual,moduleIdentificationTrigger,Module Identification Trigger,,,,,,TAK,0.0,0.0
devices/d57496a7-d1fb-4ece-ba31-dcfeda8753bc/mtp/objects/Sensor2/qualityIndicator,V,Value,devices/d57496a7-d1fb-4ece-ba31-dcfeda8753bc/mtp/objects/Sensor2/qualityIndicator/V/Actual,qualityIndicator,Quality Indicator,,,,,,TAK,0.0,0.0
devices/e43ea21d-3c09-4a55-abad-d0ae3fa74e5a/mtp/objects/Sensor3/VAHEnFirstProbe,VFbk,PV,devices/e43ea21d-3c09-4a55-abad-d0ae3fa74e5a/mtp/objects/Sensor3/VAHEnFirstProbe/VFbk/Actual,VAHEnFirstProbe,First probe alarm high,,,,,,TAK,0.0,0.0
devices/e43ea21d-3c09-4a55-abad-d0ae3fa74e5a/mtp/objects/Sensor3/VAHEnFirstProbe,VMan,Manual,devices/e43ea21d-3c09-4a55-abad-d0ae3fa74e5a/mtp/objects/Sensor3/VAHEnFirstProbe/VMan/Actual,VAHEnFirstProbe,First probe alarm high,,,,,,TAK,0.0,0.0
devices/e43ea21d-3c09-4a55-abad-d0ae3fa74e5a/mtp/objects/Sensor3/VAHEnFirstProbe,VOut,SP,devices/e43ea21d-3c09-4a55-abad-d0ae3fa74e5a/mtp/objects/Sensor3/VAHEnFirstProbe/VOut/Actual,VAHEnFirstProbe,First probe alarm high,,,,,,TAK,0.0,0.0
devices/e43ea21d-3c09-4a55-abad-d0ae3fa74e5a/mtp/objects/Sensor3/VAHEnSecondProbe,VFbk,PV,devices/e43ea21d-3c09-4a55-abad-d0ae3fa74e5a/mtp/objects/Sensor3/VAHEnSecondProbe/VFbk/Actual,VAHEnSecondProbe,Second probe alarm high,,,,,,TAK,0.0,0.0
devices/e43ea21d-3c09-4a55-abad-d0ae3fa74e5a/mtp/objects/Sensor3/VAHEnSecondProbe,VMan,Manual,devices/e43ea21d-3c09-4a55-abad-d0ae3fa74e5a/mtp/objects/Sensor3/VAHEnSecondProbe/VMan/Actual,VAHEnSecondProbe,Second probe alarm high,,,,,,TAK,0.0,0.0
devices/e43ea21d-3c09-4a55-abad-d0ae3fa74e5a/mtp/objects/Sensor3/VAHEnSecondProbe,VOut,SP,devices/e43ea21d-3c09-4a55-abad-d0ae3fa74e5a/mtp/objects/Sensor3/VAHEnSecondProbe/VOut/Actual,VAHEnSecondProbe,Second probe alarm high,,,,,,TAK,0.0,0.0
devices/e43ea21d-3c09-4a55-abad-d0ae3fa74e5a/mtp/objects/Sensor3/VAHEnThirdProbe,VFbk,PV,devices/e43ea21d-3c09-4a55-abad-d0ae3fa74e5a/mtp/objects/Sensor3/VAHEnThirdProbe/VFbk/Actual,VAHEnThirdProbe,Third probe alarm high,,,,,,TAK,0.0,0.0
devices/e43ea21d-3c09-4a55-abad-d0ae3fa74e5a/mtp/objects/Sensor3/VAHEnThirdProbe,VMan,Manual,devices/e43ea21d-3c09-4a55-abad-d0ae3fa74e5a/mtp/objects/Sensor3/VAHEnThirdProbe/VMan/Actual,VAHEnThirdProbe,Third probe alarm high,,,,,,TAK,0.0,0.0
devices/e43ea21d-3c09-4a55-abad-d0ae3fa74e5a/mtp/objects/Sensor3/VAHEnThirdProbe,VOut,SP,devices/e43ea21d-3c09-4a55-abad-d0ae3fa74e5a/mtp/objects/Sensor3/VAHEnThirdProbe/VOut/Actual,VAHEnThirdProbe,Third probe alarm high,,,,,,TAK,0.0,0.0
devices/e43ea21d-3c09-4a55-abad-d0ae3fa74e5a/mtp/objects/Sensor3/VALEnFirstProbe,VFbk,PV,devices/e43ea21d-3c09-4a55-abad-d0ae3fa74e5a/mtp/objects/Sensor3/VALEnFirstProbe/VFbk/Actual,VALEnFirstProbe,First probe alarm low,,,,,,TAK,0.0,0.0
devices/e43ea21d-3c09-4a55-abad-d0ae3fa74e5a/mtp/objects/Sensor3/VALEnFirstProbe,VMan,Manual,devices/e43ea21d-3c09-4a55-abad-d0ae3fa74e5a/mtp/objects/Sensor3/VALEnFirstProbe/VMan/Actual,VALEnFirstProbe,First probe alarm low,,,,,,TAK,0.0,0.0
devices/e43ea21d-3c09-4a55-abad-d0ae3fa74e5a/mtp/objects/Sensor3/VALEnFirstProbe,VOut,SP,devices/e43ea21d-3c09-4a55-abad-d0ae3fa74e5a/mtp/objects/Sensor3/VALEnFirstProbe/VOut/Actual,VALEnFirstProbe,First probe alarm low,,,,,,TAK,0.0,0.0
devices/e43ea21d-3c09-4a55-abad-d0ae3fa74e5a/mtp/objects/Sensor3/VALEnSecondProbe,VFbk,PV,devices/e43ea21d-3c09-4a55-abad-d0ae3fa74e5a/mtp/objects/Sensor3/VALEnSecondProbe/VFbk/Actual,VALEnSecondProbe,Second probe alarm low,,,,,,TAK,0.0,0.0
devices/e43ea21d-3c09-4a55-abad-d0ae3fa74e5a/mtp/objects/Sensor3/VALEnSecondProbe,VMan,Manual,devices/e43ea21d-3c09-4a55-abad-d0ae3fa74e5a/mtp/objects/Sensor3/VALEnSecondProbe/VMan/Actual,VALEnSecondProbe,Second probe alarm low,,,,,,TAK,0.0,0.0
devices/e43ea21d-3c09-4a55-abad-d0ae3fa74e5a/mtp/objects/Sensor3/VALEnSecondProbe,VOut,SP,devices/e43ea21d-3c09-4a55-abad-d0ae3fa74e5a/mtp/objects/Sensor3/VALEnSecondProbe/VOut/Actual,VALEnSecondProbe,Second probe alarm low,,,,,,TAK,0.0,0.0
devices/e43ea21d-3c09-4a55-abad-d0ae3fa74e5a/mtp/objects/Sensor3/VALEnThirdProbe,VFbk,PV,devices/e43ea21d-3c09-4a55-abad-d0ae3fa74e5a/mtp/objects/Sensor3/VALEnThirdProbe/VFbk/Actual,VALEnThirdProbe,Third probe alarm low,,,,,,TAK,0.0,0.0
devices/e43ea21d-3c09-4a55-abad-d0ae3fa74e5a/mtp/objects/Sensor3/VALEnThirdProbe,VMan,Manual,devices/e43ea21d-3c09-4a55-abad-d0ae3fa74e5a/mtp/objects/Sensor3/VALEnThirdProbe/VMan/Actual,VALEnThirdProbe,Third probe alarm low,,,,,,TAK,0.0,0.0
devices/e43ea21d-3c09-4a55-abad-d0ae3fa74e5a/mtp/objects/Sensor3/VALEnThirdProbe,VOut,SP,devices/e43ea21d-3c09-4a55-abad-d0ae3fa74e5a/mtp/objects/Sensor3/VALEnThirdProbe/VOut/Actual,VALEnThirdProbe,Third probe alarm low,,,,,,TAK,0.0,0.0
devices/e43ea21d-3c09-4a55-abad-d0ae3fa74e5a/mtp/objects/Sensor3/measurementFirstProbe,V,Value,devices/e43ea21d-3c09-4a55-abad-d0ae3fa74e5a/mtp/objects/Sensor3/measurementFirstProbe/V/Actual,measurementFirstProbe,Probe - TCD,Output/TransportCiepla_01/i_To,heatmodel/out_heatmodel_tj_1001,,temperature_jacket,Temperatura p?aszcza (Jacket).,NIE,1.0,1.0
devices/e43ea21d-3c09-4a55-abad-d0ae3fa74e5a/mtp/objects/Sensor3/measurementSecondProbe,V,Value,devices/e43ea21d-3c09-4a55-abad-d0ae3fa74e5a/mtp/objects/Sensor3/measurementSecondProbe/V/Actual,measurementSecondProbe,Probe - Not supported,,,,,,NIE,0.0,0.0
devices/e43ea21d-3c09-4a55-abad-d0ae3fa74e5a/mtp/objects/Sensor3/measurementThirdProbe,V,Value,devices/e43ea21d-3c09-4a55-abad-d0ae3fa74e5a/mtp/objects/Sensor3/measurementThirdProbe/V/Actual,measurementThirdProbe,Probe - T,,,,,,NIE,0.0,0.0
devices/e43ea21d-3c09-4a55-abad-d0ae3fa74e5a/mtp/objects/Sensor3/moduleIdentificationTrigger,VFbk,PV,devices/e43ea21d-3c09-4a55-abad-d0ae3fa74e5a/mtp/objects/Sensor3/moduleIdentificationTrigger/VFbk/Actual,moduleIdentificationTrigger,Module Identification Trigger,,,,,,TAK,0.0,0.0
devices/e43ea21d-3c09-4a55-abad-d0ae3fa74e5a/mtp/objects/Sensor3/moduleIdentificationTrigger,VMan,Manual,devices/e43ea21d-3c09-4a55-abad-d0ae3fa74e5a/mtp/objects/Sensor3/moduleIdentificationTrigger/VMan/Actual,moduleIdentificationTrigger,Module Identification Trigger,,,,,,TAK,0.0,0.0
devices/e43ea21d-3c09-4a55-abad-d0ae3fa74e5a/mtp/objects/Sensor3/moduleIdentificationTrigger,VOut,SP,devices/e43ea21d-3c09-4a55-abad-d0ae3fa74e5a/mtp/objects/Sensor3/moduleIdentificationTrigger/VOut/Actual,moduleIdentificationTrigger,Module Identification Trigger,,,,,,TAK,0.0,0.0
devices/e43ea21d-3c09-4a55-abad-d0ae3fa74e5a/mtp/objects/Sensor3/qualityIndicator,V,Value,devices/e43ea21d-3c09-4a55-abad-d0ae3fa74e5a/mtp/objects/Sensor3/qualityIndicator/V/Actual,qualityIndicator,Quality Indicator,,,,,,TAK,0.0,0.0
devices/f67a5705-092b-48a0-a6ee-e538aadf5c55/mtp/objects/Sparger1/gasTemp,V,Value,devices/f67a5705-092b-48a0-a6ee-e538aadf5c55/mtp/objects/Sparger1/gasTemp/V/Actual,gasTemp,Gas temperature,Output/Bubble_01/o_r_Bubble_01,bubblegenerator/out_bubgen_r_bubble_m,,bubble_radius,Promie? p?cherzyka gazu.,NIE,1.0,1.0
devices/f67a5705-092b-48a0-a6ee-e538aadf5c55/mtp/objects/Sparger1/interlockSwitch,VFbk,PV,devices/f67a5705-092b-48a0-a6ee-e538aadf5c55/mtp/objects/Sparger1/interlockSwitch/VFbk/Actual,interlockSwitch,Interlock switch,,,,,,TAK,0.0,0.0
devices/f67a5705-092b-48a0-a6ee-e538aadf5c55/mtp/objects/Sparger1/interlockSwitch,VMan,SP,devices/f67a5705-092b-48a0-a6ee-e538aadf5c55/mtp/objects/Sparger1/interlockSwitch/VMan/Setpoint,interlockSwitch,Interlock switch,,,,,,TAK,0.0,0.0
devices/f67a5705-092b-48a0-a6ee-e538aadf5c55/mtp/objects/Sparger1/interlockSwitch,VOut,SP,devices/f67a5705-092b-48a0-a6ee-e538aadf5c55/mtp/objects/Sparger1/interlockSwitch/VOut/Actual,interlockSwitch,Interlock switch,,,,,,TAK,0.0,0.0
devices/f67a5705-092b-48a0-a6ee-e538aadf5c55/mtp/objects/Sparger1/moduleIdentificationTrigger,VFbk,PV,devices/f67a5705-092b-48a0-a6ee-e538aadf5c55/mtp/objects/Sparger1/moduleIdentificationTrigger/VFbk/Actual,moduleIdentificationTrigger,Module Identification Trigger,,,,,,TAK,0.0,0.0
devices/f67a5705-092b-48a0-a6ee-e538aadf5c55/mtp/objects/Sparger1/moduleIdentificationTrigger,VMan,Manual,devices/f67a5705-092b-48a0-a6ee-e538aadf5c55/mtp/objects/Sparger1/moduleIdentificationTrigger/VMan/Actual,moduleIdentificationTrigger,Module Identification Trigger,,,,,,TAK,0.0,0.0
devices/f67a5705-092b-48a0-a6ee-e538aadf5c55/mtp/objects/Sparger1/moduleIdentificationTrigger,VOut,SP,devices/f67a5705-092b-48a0-a6ee-e538aadf5c55/mtp/objects/Sparger1/moduleIdentificationTrigger/VOut/Actual,moduleIdentificationTrigger,Module Identification Trigger,,,,,,TAK,0.0,0.0
devices/f67a5705-092b-48a0-a6ee-e538aadf5c55/mtp/objects/Sparger1/protectReset,VFbk,PV,devices/f67a5705-092b-48a0-a6ee-e538aadf5c55/mtp/objects/Sparger1/protectReset/VFbk/Actual,protectReset,Protect reset,,,,,,TAK,0.0,0.0
devices/f67a5705-092b-48a0-a6ee-e538aadf5c55/mtp/objects/Sparger1/protectReset,VMan,Manual,devices/f67a5705-092b-48a0-a6ee-e538aadf5c55/mtp/objects/Sparger1/protectReset/VMan/Actual,protectReset,Protect reset,,,,,,TAK,0.0,0.0
devices/f67a5705-092b-48a0-a6ee-e538aadf5c55/mtp/objects/Sparger1/protectReset,VOut,SP,devices/f67a5705-092b-48a0-a6ee-e538aadf5c55/mtp/objects/Sparger1/protectReset/VOut/Actual,protectReset,Protect reset,,,,,,TAK,0.0,0.0
devices/f67a5705-092b-48a0-a6ee-e538aadf5c55/mtp/objects/Sparger1/resetTotalizer,VFbk,PV,devices/f67a5705-092b-48a0-a6ee-e538aadf5c55/mtp/objects/Sparger1/resetTotalizer/VFbk/Actual,resetTotalizer,Reset totalizer,,,,,,TAK,0.0,0.0
devices/f67a5705-092b-48a0-a6ee-e538aadf5c55/mtp/objects/Sparger1/resetTotalizer,VMan,Manual,devices/f67a5705-092b-48a0-a6ee-e538aadf5c55/mtp/objects/Sparger1/resetTotalizer/VMan/Actual,resetTotalizer,Reset totalizer,,,,,,TAK,0.0,0.0
devices/f67a5705-092b-48a0-a6ee-e538aadf5c55/mtp/objects/Sparger1/resetTotalizer,VOut,SP,devices/f67a5705-092b-48a0-a6ee-e538aadf5c55/mtp/objects/Sparger1/resetTotalizer/VOut/Actual,resetTotalizer,Reset totalizer,,,,,,TAK,0.0,0.0
devices/f67a5705-092b-48a0-a6ee-e538aadf5c55/mtp/objects/Sparger1/safeposEnable,VFbk,PV,devices/f67a5705-092b-48a0-a6ee-e538aadf5c55/mtp/objects/Sparger1/safeposEnable/VFbk/Actual,safeposEnable,Safe position enable,,,,,,TAK,0.0,0.0
devices/f67a5705-092b-48a0-a6ee-e538aadf5c55/mtp/objects/Sparger1/safeposEnable,VMan,Manual,devices/f67a5705-092b-48a0-a6ee-e538aadf5c55/mtp/objects/Sparger1/safeposEnable/VMan/Actual,safeposEnable,Safe position enable,,,,,,TAK,0.0,0.0
devices/f67a5705-092b-48a0-a6ee-e538aadf5c55/mtp/objects/Sparger1/safeposEnable,VOut,SP,devices/f67a5705-092b-48a0-a6ee-e538aadf5c55/mtp/objects/Sparger1/safeposEnable/VOut/Actual,safeposEnable,Safe position enable,,,,,,TAK,0.0,0.0
devices/f67a5705-092b-48a0-a6ee-e538aadf5c55/mtp/objects/Sparger1/safeposSwitch,VFbk,PV,devices/f67a5705-092b-48a0-a6ee-e538aadf5c55/mtp/objects/Sparger1/safeposSwitch/VFbk/Actual,safeposSwitch,Safe position switch,,,,,,TAK,0.0,0.0
devices/f67a5705-092b-48a0-a6ee-e538aadf5c55/mtp/objects/Sparger1/safeposSwitch,VMan,Manual,devices/f67a5705-092b-48a0-a6ee-e538aadf5c55/mtp/objects/Sparger1/safeposSwitch/VMan/Actual,safeposSwitch,Safe position switch,,,,,,TAK,0.0,0.0
devices/f67a5705-092b-48a0-a6ee-e538aadf5c55/mtp/objects/Sparger1/safeposSwitch,VOut,SP,devices/f67a5705-092b-48a0-a6ee-e538aadf5c55/mtp/objects/Sparger1/safeposSwitch/VOut/Actual,safeposSwitch,Safe position switch,,,,,,TAK,0.0,0.0
devices/f67a5705-092b-48a0-a6ee-e538aadf5c55/mtp/objects/Sparger1/tare,VFbk,PV,devices/f67a5705-092b-48a0-a6ee-e538aadf5c55/mtp/objects/Sparger1/tare/VFbk/Actual,tare,Tare,,,,,,NIE,0.0,0.0
devices/f67a5705-092b-48a0-a6ee-e538aadf5c55/mtp/objects/Sparger1/tare,VMan,Manual,devices/f67a5705-092b-48a0-a6ee-e538aadf5c55/mtp/objects/Sparger1/tare/VMan/Actual,tare,Tare,,,,,,NIE,0.0,0.0
devices/f67a5705-092b-48a0-a6ee-e538aadf5c55/mtp/objects/Sparger1/tare,VOut,SP,devices/f67a5705-092b-48a0-a6ee-e538aadf5c55/mtp/objects/Sparger1/tare/VOut/Actual,tare,Tare,,,,,,NIE,0.0,0.0
devices/f67a5705-092b-48a0-a6ee-e538aadf5c55/mtp/objects/Sparger1/totalizer,V,Value,devices/f67a5705-092b-48a0-a6ee-e538aadf5c55/mtp/objects/Sparger1/totalizer/V/Actual,totalizer,Totalized flow value,,,,totalized_flow,,NIE,0.0,0.0
devices/f67a5705-092b-48a0-a6ee-e538aadf5c55/mtp/objects/Sparger1/userGasType,VFbk,PV,devices/f67a5705-092b-48a0-a6ee-e538aadf5c55/mtp/objects/Sparger1/userGasType/VFbk/Actual,userGasType,Change new gas type,,,,,,NIE,0.0,0.0
devices/f67a5705-092b-48a0-a6ee-e538aadf5c55/mtp/objects/Sparger1/userGasType,VMan,Manual,devices/f67a5705-092b-48a0-a6ee-e538aadf5c55/mtp/objects/Sparger1/userGasType/VMan/Actual,userGasType,Change new gas type,,,,,,NIE,0.0,0.0
devices/f67a5705-092b-48a0-a6ee-e538aadf5c55/mtp/objects/Sparger1/userGasType,VOut,SP,devices/f67a5705-092b-48a0-a6ee-e538aadf5c55/mtp/objects/Sparger1/userGasType/VOut/Actual,userGasType,Change new gas type,,,,,,NIE,0.0,0.0
devices/f67a5705-092b-48a0-a6ee-e538aadf5c55/mtp/objects/Sparger1/valveDrive,V,Value,devices/f67a5705-092b-48a0-a6ee-e538aadf5c55/mtp/objects/Sparger1/valveDrive/V/Actual,valveDrive,Valve opening %,,,,valve_opening,,NIE,0.0,0.0
